PL1 2BP,Plymouth,,,Notte Street,,2,,Flat 39,,,,54831031,S, ,1J,20251106
PL1 4FS,Plymouth,Devonport,,Fore Street,,202,,Flat 2,,,,54561131,S, ,2J,20251113
PL1 4FS,Plymouth,Devonport,,Fore Street,,202,,Flat 3,,,,58199600,S, ,2L,20251113
PL1 4FS,Plymouth,Devonport,,Fore Street,,202,,Flat 4,,,,58199601,S, ,2N,20251113
PL1 4FS,Plymouth,Devonport,,Fore Street,,202,,Flat 5,,,,58199602,S, ,2P,20251113
PL1 4NE,Plymouth,,,Madden Road,,53,,,,,,57802541,S, ,3T,20251106
PL4 0FF,Plymouth,,,Candlewick Lane,,22,,,,,,58190526,S, ,2R,20251106
PL4 0FF,Plymouth,,,Candlewick Lane,,23,,,,,,58190527,S, ,2S,20251106
PL4 0FF,Plymouth,,,Candlewick Lane,,24,,,,,,58190528,S, ,2T,20251106
PL4 0FF,Plymouth,,,Candlewick Lane,,25,,,,,,58190529,S, ,2U,20251106
PL4 0FF,Plymouth,,,Candlewick Lane,,27,,,,,,58190530,S, ,2W,20251106
PL4 0FF,Plymouth,,,Candlewick Lane,,29,,,,,,58190531,S, ,2X,20251106
PL4 0FF,Plymouth,,,Candlewick Lane,,30,,,,,,58190532,S, ,2Y,20251106
PL4 0FF,Plymouth,,,Candlewick Lane,,31,,,,,,58190533,S, ,2Z,20251106
PL4 0FF,Plymouth,,,Candlewick Lane,,32,,,,,,58190534,S, ,3A,20251106
PL4 0FF,Plymouth,,,Candlewick Lane,,33,,,,,,58190535,S, ,3B,20251106
PL4 0FF,Plymouth,,,Candlewick Lane,,34,,,,,,58190536,S, ,3D,20251106
PL4 0FF,Plymouth,,,Candlewick Lane,,35,,,,,,58190537,S, ,3E,20251106
PL4 0FF,Plymouth,,,Candlewick Lane,,36,,,,,,58190538,S, ,3F,20251106
PL4 0FF,Plymouth,,,Candlewick Lane,,0,26a,,,,,58190539,S, ,3G,20251106
PL4 0FF,Plymouth,,,Candlewick Lane,,0,26b,,,,,58190540,S, ,3H,20251106
PL4 0FF,Plymouth,,,Candlewick Lane,,0,28a,,,,,58190541,S, ,3J,20251106
PL4 0FF,Plymouth,,,Candlewick Lane,,0,28b,,,,,58190542,S, ,3L,20251106
PL4 0FF,Plymouth,,,Candlewick Lane,,0,37a,,,,,58190543,S, ,3N,20251106
PL4 0FF,Plymouth,,,Candlewick Lane,,0,37b,,,,,58190544,S, ,3P,20251106
PL4 0FF,Plymouth,,,Candlewick Lane,,51,,,,,,58190545,S, ,3Q,20251106
PL7 1UE,Plymouth,Plympton,,Ridge Road,,0,Ridge View Park,,,,,58182868,S, ,1H,20251031
PL7 4AW,Plymouth,,,Newnham Road,,63,,,,,,57887265,S, ,3Q,20251113
PL8 2EW,Plymouth,Yealmpton,,,,0,Scobbiscombe Farm,The Linhay,,,,58004766,S, ,1B,20251106
PL9 7GS,Plymouth,,,Charlbury Drive,,68,,Flat 2,,,,57447252,S, ,1B,20251106
PL9 7GS,Plymouth,,,Charlbury Drive,,68,,Flat 3,,,,57447253,S, ,1D,20251106
PL9 7GS,Plymouth,,,Charlbury Drive,,68,,Flat 4,,,,57447254,S, ,1E,20251106
PL9 7GS,Plymouth,,,Charlbury Drive,,74,,Flat 16,,,,57447270,S, ,1U,20251106
PL9 7GT,Plymouth,,,Kimmeridge Way,,7,,,,,,57936251,S, ,1A,20251020
PL9 7GT,Plymouth,,,Kimmeridge Way,,11,,,,,,57936253,S, ,1D,20251106
PL9 7GT,Plymouth,,,Kimmeridge Way,,15,,,,,,57936254,S, ,1E,20251027
PL9 7GT,Plymouth,,,Kimmeridge Way,,17,,,,,,57936255,S, ,1F,20251022
PL9 7GZ,Plymouth,,,Mulberry Drive,,1,,,,,,57936298,S, ,1A,20251031
PL9 7JN,Plymouth,,,Hobbs Gardens,,14,,,,,,57936227,S, ,1U,20251101
PL9 7JN,Plymouth,,,Hobbs Gardens,,16,,,,,,57936228,S, ,1W,20251020
PL9 7JN,Plymouth,,,Hobbs Gardens,,18,,,,,,57936229,S, ,1X,20251020
PL9 7JN,Plymouth,,,Hobbs Gardens,,20,,,,,,57936230,S, ,1Y,20251110
PL9 7JN,Plymouth,,,Hobbs Gardens,,28,,,,,,57936233,S, ,2B,20251114
PL9 7JN,Plymouth,,,Hobbs Gardens,,30,,,,,,57936234,S, ,2D,20251115
PL9 7JN,Plymouth,,,Hobbs Gardens,,34,,,,,,57936236,S, ,2F,20251111
PL9 7JN,Plymouth,,,Hobbs Gardens,,22,,,,,,57936231,S, ,2G,20251115
PL9 7NL,Plymouth,Oreston,,Marine Road,,3,,,,,,58109166,S, ,1E,20251106
PL9 8BG,Plymouth,,,Sherford Road,,98,,,,,,57838577,S, ,1U,20251105
PL9 8US,Plymouth,Sherford,,Dewpoint Way,,36,,,,,,57672769,S, ,2T,20251020
PL9 8US,Plymouth,Sherford,,Dewpoint Way,,40,,,,,,57672771,S, ,2W,20251106
PL9 8WE,Plymouth,Sherford,,Crabapple Mews,,1,,,,,,56639049,S, ,1A,20251028
PL9 8WE,Plymouth,Sherford,,Crabapple Mews,,2,,,,,,56639050,S, ,1B,20251022
PL9 8WE,Plymouth,Sherford,,Crabapple Mews,,3,,,,,,56639051,S, ,1D,20251115
PL9 8WE,Plymouth,Sherford,,Crabapple Mews,,8,,,,,,56639056,S, ,1J,20251119
PL9 8WE,Plymouth,Sherford,,Crabapple Mews,,9,,,,,,56639057,S, ,1L,20251107
PL9 8XR,Plymouth,Sherford,,Briar Park,,7,,,,,,56877286,S, ,1F,20251121
PL9 8XT,Plymouth,Sherford,,Aquila Drive,,255,,,,,,57220071,S, ,1N,20251106
PL9 8XT,Plymouth,Sherford,,Aquila Drive,,269,,Flat 1,,,,57220078,S, ,1W,20251106
PL9 8XT,Plymouth,Sherford,,Aquila Drive,,269,,Flat 5,,,,57220082,S, ,2A,20251106
PL9 8XT,Plymouth,Sherford,,Aquila Drive,,195,,,,,,57296179,S, ,3W,20251106
PL9 8XT,Plymouth,Sherford,,Aquila Drive,,199,,,,,,57296181,S, ,3Y,20251106
PL9 8XT,Plymouth,Sherford,,Aquila Drive,,209,,,,,,57296186,S, ,4E,20251106
PL9 8XT,Plymouth,Sherford,,Aquila Drive,,213,,,,,,57296188,S, ,4G,20251106
PL9 8XY,Plymouth,Sherford,,Lunar Crescent,,10,,,,,,57220134,S, ,1F,20251106
PL9 8YA,Plymouth,Sherford,,Nimbus Road,,33,,,,,,57220164,S, ,1T,20251020
PL9 8YA,Plymouth,Sherford,,Nimbus Road,,39,,,,,,57220167,S, ,1X,20251103
PL9 8YD,Plymouth,Sherford,,Sunbeam Close,,1,,,,,,57220191,S, ,1A,20251117
PL9 8YD,Plymouth,Sherford,,Sunbeam Close,,3,,,,,,57220192,S, ,1B,20251106
PL9 8YE,Plymouth,Sherford,,Alto Road,,2,,,,,,57220206,S, ,1A,20251110
PL9 8YE,Plymouth,Sherford,,Alto Road,,4,,,,,,57220207,S, ,1B,20251108
PL9 8YE,Plymouth,Sherford,,Alto Road,,1,,,,,,57220215,S, ,1N,20251021
PL9 8YR,Plymouth,Sherford,,Sky Lane,,2,,,,,,57672786,S, ,1G,20251118
PL9 9QG,Plymouth,,,Hooe Hill,,40,,,,,,58208366,S, ,1L,20251119
PL11 2FA,Torpoint,,,Trevol Business Park,,0,Trevol Court,Unit 2,,,,57040030,S, ,1B,20251106
PL12 6FQ,Saltash,Carkeel,,Trerice Crescent,,3,,,,,,57806342,S, ,1D,20251106
PL12 6FR,Saltash,Carkeel,,Trewithen Green,,18,,,,,,57806374,S, ,1X,20251119
PL12 6GA,Saltash,Carkeel,,Treledan Way,,71,,,,,,57806270,S, ,2H,20251113
PL12 6GJ,Saltash,Carkeel,,Great Longlands Drive,,31,,,,,,56828677,S, ,1U,20251106
PL12 6GR,Saltash,Carkeel,,Longfield Avenue,,63,,,,,,56828999,S, ,2Q,20251106
PL12 6GR,Saltash,Carkeel,,Longfield Avenue,,62,,,,,,56829033,S, ,4G,20251105
PL12 6GR,Saltash,Carkeel,,Longfield Avenue,,64,,,,,,56829034,S, ,4H,20251105
PL12 6GR,Saltash,Carkeel,,Longfield Avenue,,66,,,,,,56829035,S, ,4J,20251105
PL12 6GR,Saltash,Carkeel,,Longfield Avenue,,68,,,,,,56829036,S, ,4L,20251105
PL12 6GR,Saltash,Carkeel,,Longfield Avenue,,70,,,,,,56829037,S, ,4N,20251105
PL12 6GR,Saltash,Carkeel,,Longfield Avenue,,72,,,,,,56829038,S, ,4P,20251105
PL12 6GR,Saltash,Carkeel,,Longfield Avenue,,74,,,,,,56829039,S, ,4Q,20251105
PL12 6GR,Saltash,Carkeel,,Longfield Avenue,,76,,,,,,56829040,S, ,4R,20251105
PL12 6GR,Saltash,Carkeel,,Longfield Avenue,,78,,,,,,56829041,S, ,4S,20251105
PL12 6GU,Saltash,Carkeel,,Little Leas Park,,9,,,,,,56829068,S, ,1F,20251021
PL12 6GU,Saltash,Carkeel,,Little Leas Park,,8,,,,,,56829076,S, ,1R,20251106
PL12 6GU,Saltash,Carkeel,,Little Leas Park,,10,,,,,,56829077,S, ,1S,20251031
PL12 6GU,Saltash,Carkeel,,Little Leas Park,,14,,,,,,56829079,S, ,1U,20251106
PL13 1PR,Looe,Morval,,,,0,Homestead,,,,,58082894,S, ,3L,20251024
PL14 5JS,Liskeard,Darite,,,,0,Oakley Barn,,,,,56996517,S, ,1G,20251121
PL14 5NA,Liskeard,Pensilva,,Slade Park Road,,0,,,,,Higher Slade Farm,58181416,S,Y,2D,20251030
PL15 7TG,Launceston,Trewint,,,,0,Dowr House,,,,,57828115,S, ,3X,20251119
PL15 9TT,Launceston,,,Kings Meadow,,2,,,,,,57533340,S, ,1B,20251030
PL16 0FE,Lifton,,,Borough Court,,5,,,,,,57448382,S, ,1F,20251104
PL17 7FL,Callington,,,Galena View,,6,,,,,,55679049,S, ,1G,20251030
PL17 7NQ,Callington,Golberdon,,,,0,Scrawsdon Retreat,,,,,56788788,S, ,2D,20251112
PL17 8DZ,Callington,,,Florence Hill,,0,Avalennek,,,,,57729995,S, ,2H,20251106
PL17 8HY,Callington,Sherwell,,,,0,Little Treleath,,,,,58209662,S, ,1X,20251121
PL19 0JT,Tavistock,Wilminstone,,,,0,Windfall,,,,,58185678,S, ,1Q,20251104
PL19 8GP,Tavistock,,,Vixen Tor Road,,40,,,,,,56940977,S, ,1Z,20251106
PL19 9FJ,Tavistock,,,Quince Avenue,,5,,,,,,57482718,S, ,1D,20251025
PL19 9FN,Tavistock,,,Cherry Tree Close,,4,,,,,,57482725,S, ,1E,20251104
PL20 7FP,Yelverton,Crapstone,,Jubilee Drive,,14,,,,,,57006804,S, ,1S,20251108
PL21 0JB,Ivybridge,Filham,,Pintail Drive,,21,,,,,,57140782,S, ,1P,20251024
PL21 0LU,Ivybridge,Penquit,,,,0,2 Craig Cottages,,,,,58181534,S, ,1S,20251030
PL21 0WL,Ivybridge,Filham,,Cross Park,,49,,,,,,57140703,S, ,3X,20251028
PL21 0WL,Ivybridge,Filham,,Cross Park,,51,,,,,,57140704,S, ,3Y,20251028
PL21 0WL,Ivybridge,Filham,,Cross Park,,53,,,,,,57140705,S, ,3Z,20251028
PL21 0WL,Ivybridge,Filham,,Cross Park,,55,,,,,,57140706,S, ,4A,20251028
PL21 0WL,Ivybridge,Filham,,Cross Park,,57,,,,,,57140707,S, ,4B,20251028
PL21 0ZH,Ivybridge,Filham,,Linnet Avenue,,6,,,,,,57140746,S, ,1D,20251024
PL21 0ZH,Ivybridge,Filham,,Linnet Avenue,,8,,,,,,57140747,S, ,1E,20251024
PL21 0ZH,Ivybridge,Filham,,Linnet Avenue,,12,,,,,,57140749,S, ,1G,20251024
PL21 0ZH,Ivybridge,Filham,,Linnet Avenue,,20,,,,,,57140753,S, ,1N,20251024
PL21 0ZH,Ivybridge,Filham,,Linnet Avenue,,22,,,,,,57140754,S, ,1P,20251024
PL21 0ZH,Ivybridge,Filham,,Linnet Avenue,,28,,,,,,57140757,S, ,1S,20251024
PL22 0FD,Lostwithiel,,,The Yard,,35,,,,,,57247496,S, ,2T,20251106
PL23 1HG,Fowey,,,Polvillion Road,,0,Lawhyre,Brithlen,,,,58161516,S, ,2Y,20251103
PL25 3AS,St. Austell,,,Sandy Hill,,0,2a,,,,,57880130,S, ,1Q,20251106
PL25 5FQ,St. Austell,,,Alexanders Avenue,,60,,,,,,56910249,S, ,1X,20251024
PL25 5FQ,St. Austell,,,Alexanders Avenue,,62,,,,,,56910250,S, ,1Y,20251118
PL25 5FQ,St. Austell,,,Alexanders Avenue,,72,,,,,,56910255,S, ,2E,20251110
PL25 5FQ,St. Austell,,,Alexanders Avenue,,78,,,,,,56910258,S, ,2H,20251031
PL25 5FQ,St. Austell,,,Alexanders Avenue,,80,,,,,,56910259,S, ,2J,20251106
PL25 5GD,St. Austell,,,Ragwort Court,,9,,,,,,56910715,S, ,1L,20251106
PL25 5GQ,St. Austell,,,Vetch Avenue,,2,,,,,,56910377,S, ,1X,20251106
PL25 5GQ,St. Austell,,,Vetch Avenue,,4,,,,,,56910378,S, ,1Y,20251106
PL25 5GY,St. Austell,,,Tutsan Lane,,32,,,,,,56949838,S, ,2G,20251106
PL25 5HY,St. Austell,,,Meadowsweet Walk,,2,,,,,,56910674,S, ,1B,20251106
PL25 5HY,St. Austell,,,Meadowsweet Walk,,10,,,,,,56910682,S, ,1N,20251106
PL25 5HY,St. Austell,,,Meadowsweet Walk,,11,,,,,,56910683,S, ,1P,20251106
PL25 5HY,St. Austell,,,Meadowsweet Walk,,12,,,,,,56910684,S, ,1Q,20251106
PL25 5HY,St. Austell,,,Meadowsweet Walk,,13,,,,,,56910685,S, ,1R,20251106
PL25 5HY,St. Austell,,,Meadowsweet Walk,,14,,,,,,56910686,S, ,1S,20251110
PL25 5HY,St. Austell,,,Meadowsweet Walk,,18,,,,,,56910690,S, ,1X,20251106
PL25 5HZ,St. Austell,,,Stonecrop Crescent,,3,,,,,,56910693,S, ,1D,20251106
PL26 7FN,St. Austell,High Street,,Valley View Close,,7,,,,,,57960097,S, ,1H,20251106
PL26 7PB,St. Austell,St. Stephen,,Creakavose,,0,62a,,,,,57733068,S, ,1D,20251106
PL26 8WN,St. Austell,,,Higher Bugle,,0,14 Caudledown Mill Court,,,,,57910634,S, ,1R,20251020
PL26 8WN,St. Austell,,,Higher Bugle,,0,15 Caudledown Mill Court,,,,,57910635,S, ,1S,20251020
PL26 8YQ,St. Austell,Trethurgy,,,,0,Ty Melberry,,,,,58123793,S, ,2G,20251113
PL27 6GJ,Wadebridge,,,Hope Street,,5,,,,,,57160146,S, ,1F,20251106
PL27 6GJ,Wadebridge,,,Hope Street,,29,,,,,,57160170,S, ,2L,20251111
PL27 6GJ,Wadebridge,,,Hope Street,,44,,,,,,57160185,S, ,3E,20251106
PL27 6GJ,Wadebridge,,,Hope Street,,48,,,,,,57160189,S, ,3J,20251101
PL27 6GJ,Wadebridge,,,Hope Street,,50,,,,,,57160191,S, ,3N,20251119
PL27 6GJ,Wadebridge,,,Hope Street,,60,,,,,,57160201,S, ,3Z,20251111
PL27 6GJ,Wadebridge,,,Hope Street,,62,,,,,,57160203,S, ,4B,20251106
PL27 6GN,Wadebridge,,,Bee Garden Vale,,4,,,,,,57160314,S, ,1J,20251022
PL27 6US,Wadebridge,New Polzeath,,Atlantic Mews,,0,Atlantic House Hotel,Apartment 5,,,,55441062,S, ,1F,20251106
PL27 7HZ,Wadebridge,,,,,0,Bodellick Farm,Rosmowhay,,,,58181423,S, ,1N,20251030
PL31 2HQ,Bodmin,,,Fore Street,,0,24c,Unit 1,,,,58186418,S, ,2W,20251104
PL31 2HQ,Bodmin,,,Fore Street,,0,24c,Unit 2,,,,58186419,S, ,2X,20251104
PL31 2HQ,Bodmin,,,Fore Street,,0,24c,Unit 3,,,,58186420,S, ,2Y,20251104
PL31 2HQ,Bodmin,,,Fore Street,,0,24a,,,,,58186421,S, ,2Z,20251104
PL31 2HQ,Bodmin,,,Fore Street,,0,24b,,,,,58186422,S, ,3A,20251104
PL31 2WN,Bodmin,,,Tregear Avenue,,20,,,,,,56503318,S, ,1Y,20251106
PL31 2WT,Bodmin,,,Oakwood Drive,,22,,,,,,56684310,S, ,2B,20251031
PL31 2WT,Bodmin,,,Oakwood Drive,,23,,,,,,56684311,S, ,2D,20251031
PL31 2WT,Bodmin,,,Oakwood Drive,,24,,,,,,56684312,S, ,2E,20251031
PL31 2WT,Bodmin,,,Oakwood Drive,,25,,,,,,56684313,S, ,2F,20251031
PL31 2WT,Bodmin,,,Oakwood Drive,,27,,,,,,56684315,S, ,2H,20251031
PL31 2XF,Bodmin,,,Country Park Road,,45,,,,,,57489987,S, ,2D,20251028
YO7 2QF,Thirsk,Bagby,,Monks Court,,2,,,,,,57179314,S, ,1B,20251031
YO7 3GJ,Thirsk,Sowerby,,Daisy Road,,24,,,,,,57733841,S, ,3U,20251021
YO7 3GJ,Thirsk,Sowerby,,Daisy Road,,22,,,,,,57733840,S, ,3W,20251031
YO7 3SA,Thirsk,Topcliffe,,Catton Road,,0,Salmon Hall Barns,The Byre,,,,55082281,S, ,1G,20251104
YO7 4DJ,Thirsk,Newsham,,,,0,Manor House Farm,Skylark Mews,,,,58177523,S, ,1S,20251103
YO7 4FB,Thirsk,Pickhill,,Rocking Horse Drive,,6,,,,,,56872439,S, ,1G,20251104
YO7 4QY,Thirsk,Borrowby,,,,0,Greystone Flatts Farm,Cow Corner,,,,57408763,S, ,1H,20251104
YO8 4FE,Selby,,,Grange Meadows,,73,,,,,,55185389,S, ,2W,20251104
YO8 4FE,Selby,,,Grange Meadows,,36,,,,,,55185410,S, ,4D,20251115
YO8 5DY,Selby,Barlby,,Market Weighton Road,,0,Burfield Estate,Unit 2,,,,58209323,S, ,1A,20251120
YO8 5DY,Selby,Barlby,,Market Weighton Road,,0,Burfield Estate,Unit 5,,,,58209324,S, ,1B,20251120
YO8 5SE,Selby,Skipwith,,,,0,1 The Coppice,,,,,57936198,S, ,1F,20251023
YO8 5SE,Selby,Skipwith,,,,0,2 The Coppice,,,,,57936199,S, ,1G,20251023
YO8 6AG,Selby,Bubwith,,Orchard Close,,1,,,,,,57847252,S, ,1A,20251114
YO8 6AG,Selby,Bubwith,,Orchard Close,,2,,,,,,57847253,S, ,1B,20251118
YO8 8GQ,Selby,,,Bracken Way,,74,,,,,,56924817,S, ,3J,20251104
YO8 8GQ,Selby,,,Bracken Way,,76,,,,,,56924818,S, ,3L,20251104
YO8 8GQ,Selby,,,Bracken Way,,53,,,,,,57904427,S, ,4S,20251101
YO8 8SY,Selby,,,Deer Park View,,21,,,,,,56925365,S, ,1J,20251104
YO8 8SY,Selby,,,Deer Park View,,25,,,,,,56925367,S, ,1N,20251104
YO8 8SY,Selby,,,Deer Park View,,22,,,,,,56925379,S, ,2B,20251104
YO8 8SY,Selby,,,Deer Park View,,36,,,,,,57907951,S, ,3Q,20251118
YO8 8TF,Selby,Camblesforth,,Ploughlands Way,,8,,,,,,57834790,S, ,1J,20251110
YO8 8TG,Selby,Camblesforth,,Woodland View,,3,,,,,,57834809,S, ,1D,20251111
YO8 9RD,Selby,Brayton,,Evergreen Way,,18,,,,,,55417583,S, ,2F,20251117
YO8 9UT,Selby,Gateforth Park,,Lakeside,,16,,,,,,56657910,S, ,1T,20251114
YO8 9UU,Selby,Gateforth Park,,Portobello Way,,2,,,,,,56657920,S, ,1B,20251114
YO8 9UW,Selby,Gateforth Park,,Field Rise,,2,,,,,,56657928,S, ,1B,20251022
YO10 4BE,York,,,Fulford Road,,0,126a,,,,,57828444,S, ,1Y,20251030
YO11 1AS,Scarborough,,,Belle Vue Place,,5,,Apartment 1,,,,57766726,S, ,1A,20251119
YO11 1AS,Scarborough,,,Belle Vue Place,,5,,Apartment 2,,,,57766727,S, ,1B,20251119
YO11 1AS,Scarborough,,,Belle Vue Place,,5,,Apartment 4,,,,57766729,S, ,1E,20251119
YO11 1AS,Scarborough,,,Belle Vue Place,,5,,Apartment 5,,,,57766730,S, ,1F,20251119
YO11 1TS,Scarborough,,,Westborough,,62,,,,,,57766688,S, ,3G,20251119
YO11 1TS,Scarborough,,,Westborough,,0,62a,,,,,57766689,S, ,3H,20251022
YO11 1TS,Scarborough,,,Westborough,,63,,,,,,57766690,S, ,3J,20251022
YO11 1TS,Scarborough,,,Westborough,,0,63a,,,,,57766691,S, ,3L,20251022
YO11 2AA,Scarborough,,,Belmont Road,,3,,Apartment 5,,,,54701214,S, ,3E,20251104
YO11 3BD,Scarborough,,,Pinehurst Avenue,,31,,,,,,57973041,S, ,3T,20251027
YO11 3YH,Scarborough,Eastfield,,Heather Pastures,,24,,,,,,57349878,S, ,3P,20251023
YO11 3ZF,Scarborough,Eastfield,,Okeanos Avenue,,7,,,,,,58138487,S, ,1F,20251121
YO11 3ZF,Scarborough,Eastfield,,Okeanos Avenue,,21,,,,,,58138498,S, ,1U,20251030
YO12 4FJ,Scarborough,Seamer,,New Forest Way,,16,,,,,,56967357,S, ,3B,20251031
YO12 4FJ,Scarborough,Seamer,,New Forest Way,,12,,,,,,56967355,S, ,3D,20251031
YO12 4FJ,Scarborough,Seamer,,New Forest Way,,2,,,,,,56967350,S, ,3E,20251031
YO12 4FJ,Scarborough,Seamer,,New Forest Way,,8,,,,,,56967353,S, ,3J,20251031
YO12 4FJ,Scarborough,Seamer,,New Forest Way,,14,,,,,,56967356,S, ,3L,20251031
YO12 4FJ,Scarborough,Seamer,,New Forest Way,,6,,,,,,56967352,S, ,3N,20251031
YO12 4FJ,Scarborough,Seamer,,New Forest Way,,4,,,,,,56967351,S, ,3Q,20251031
YO12 4FJ,Scarborough,Seamer,,New Forest Way,,10,,,,,,56967354,S, ,3T,20251031
YO12 4FN,Scarborough,Seamer,,Brumby Road,,2,,,,,,56967406,S, ,3P,20251027
YO12 7BB,Scarborough,,,Banchory Square,,0,The Old Print Works,Unit 2,,,Friday Night Tumbling,56171888,S,Y,1B,20251104
YO13 0FT,Scarborough,Burniston,,Iris Close,,25,,,,,,57369327,S, ,2E,20251108
YO13 0FT,Scarborough,Burniston,,Iris Close,,26,,,,,,57369328,S, ,2F,20251108
YO13 0FT,Scarborough,Burniston,,Iris Close,,27,,,,,,57369329,S, ,2G,20251108
YO13 0FT,Scarborough,Burniston,,Iris Close,,28,,,,,,57369330,S, ,2H,20251108
YO13 0FT,Scarborough,Burniston,,Iris Close,,29,,,,,,57369331,S, ,2J,20251108
YO13 0FW,Scarborough,Burniston,,Jasmine Court,,5,,,,,,57369342,S, ,1F,20251108
YO13 0FW,Scarborough,Burniston,,Jasmine Court,,6,,,,,,57369343,S, ,1G,20251108
YO13 0FW,Scarborough,Burniston,,Jasmine Court,,7,,,,,,57369344,S, ,1H,20251108
YO13 9GB,Scarborough,East Ayton,,Kelso Drive,,9,,,,,,57781108,S, ,1F,20251104
YO13 9GB,Scarborough,East Ayton,,Kelso Drive,,4,,,,,,57781115,S, ,1Q,20251020
YO14 0FR,Filey,Hunmanby,,Hall Park Road,,0,8 Ash Court Cottages,,,,,57992474,S, ,1J,20251104
YO14 0GA,Filey,Hunmanby,,Honeysuckle Close,,1,,,,,,57809931,S, ,1A,20251111
YO15 1DA,Bridlington,Flamborough,,Syke Avenue,,6,,,,,,57080681,S, ,2U,20251029
YO15 3AD,Bridlington,,,Eagle Close,,5,,,,,,57483658,S, ,1F,20251104
YO15 3BN,Bridlington,,,Chalk Pasture,,22,,,,,,56798835,S, ,2A,20251104
YO15 3BN,Bridlington,,,Chalk Pasture,,24,,,,,,56798837,S, ,2D,20251027
YO15 3BN,Bridlington,,,Chalk Pasture,,28,,,,,,56798841,S, ,2H,20251104
YO15 3EN,Bridlington,,,Puffin Garth,,3,,,,,,56798975,S, ,2Q,20251031
YO15 3EW,Bridlington,,,Saltwick Drive,,18,,,,,,56799075,S, ,2Y,20251028
YO15 3LX,Bridlington,,,Belvedere Parade,,40,,,,,,56690944,S, ,2H,20251104
YO15 3LX,Bridlington,,,Belvedere Parade,,46,,,,,,56690947,S, ,2N,20251104
YO16 6AS,Bridlington,,,Kit Brown Drive,,29,,,,,,57518775,S, ,1S,20251104
YO16 6AS,Bridlington,,,Kit Brown Drive,,31,,,,,,57518776,S, ,1T,20251031
YO16 6AS,Bridlington,,,Kit Brown Drive,,55,,,,,,57518788,S, ,2H,20251104
YO17 6PS,Malton,Brawby,Butterwick,,,0,Alpaca View,,,,Butterwick Alpaca Retreat,58192460,S,Y,2B,20251114
YO18 8SG,Pickering,Thorgill,,,,0,Gill Bank Farmhouse,,,,,58183043,S, ,2B,20251031
YO19 4AP,York,Fulford,,Barben Avenue,,8,,,,,,55274846,S, ,2A,20251104
YO19 4AS,York,Fulford,,Cowdale Close,,16,,,,,,55275076,S, ,1W,20251104
YO19 4AT,York,Fulford,,Ribble Way,,26,,,,,,57412123,S, ,1S,20251115
YO19 4AT,York,Fulford,,Ribble Way,,27,,,,,,57412144,S, ,2T,20251103
YO19 4AX,York,Fulford,,Thornton Road,,88,,,,,,55274370,S, ,1D,20251104
YO19 4AX,York,Fulford,,Thornton Road,,90,,,,,,55274371,S, ,1E,20251104
YO19 4AX,York,Fulford,,Thornton Road,,104,,,,,,55274378,S, ,1P,20251104
YO19 4AX,York,Fulford,,Thornton Road,,106,,,,,,55274379,S, ,1Q,20251104
YO19 4AX,York,Fulford,,Thornton Road,,108,,,,,,55274380,S, ,1R,20251104
YO19 5UX,York,Osbaldwick,,Outgang Lane,Osbaldwick Industrial Estate,0,Unit 12,,,,,57969438,S, ,1S,20251104
YO19 6GH,York,Thorganby,,Blackberry Close,,1,,,,,,58166195,S, ,1A,20251114
YO19 6GH,York,Thorganby,,Blackberry Close,,3,,,,,,58166196,S, ,1B,20251114
YO19 6GH,York,Thorganby,,Blackberry Close,,5,,,,,,58166197,S, ,1D,20251114
YO19 6GH,York,Thorganby,,Blackberry Close,,7,,,,,,58166198,S, ,1E,20251114
YO19 6GH,York,Thorganby,,Blackberry Close,,2,,,,,,58166199,S, ,1F,20251114
YO21 1QP,Whitby,,,Broomfield Terrace,,7,,Flat 1,,,,58179715,S, ,2B,20251029
YO21 1QP,Whitby,,,Broomfield Terrace,,7,,Flat 2,,,,58179716,S, ,2D,20251029
YO21 1QP,Whitby,,,Broomfield Terrace,,7,,Flat 3,,,,58179717,S, ,2E,20251029
YO21 1QP,Whitby,,,Broomfield Terrace,,7,,Flat 4,,,,58179718,S, ,2F,20251029
YO21 1QP,Whitby,,,Broomfield Terrace,,7,,Flat 5,,,,58179719,S, ,2G,20251029
YO22 4FS,Whitby,,,Sanderling Grove,,19,,,,,,56994912,S, ,1L,20251121
YO22 4FS,Whitby,,,Sanderling Grove,,75,,,,,,56994940,S, ,2W,20251104
YO23 3AQ,York,Copmanthorpe,,Yorkfield Drive,,3,,,,,,58073590,S, ,1B,20251110
YO24 2TN,York,,,Chaloners Road,,0,Chaloners House,Apartment 6,,,,54157281,S, ,3B,20251104
YO24 3FP,York,,,Rosemary Road,,0,8 Aster Court,,,,,56020744,S, ,1J,20251104
YO24 4AW,York,,,Oxford Street,,40,,,,,,55457391,S, ,1D,20251104
YO25 3TD,Driffield,Langtoft,,Back Street,,0,Wold Lodge,,,,,57438938,S, ,2D,20251104
YO25 4UH,Driffield,Rudston,,Long Street,,0,Maythorpe House,,,,,57902146,S, ,4F,20251104
YO25 5DE,Driffield,,,Milner Avenue,,83,,,,,,55363651,S, ,4Q,20251115
YO25 5GX,Driffield,,,School Garth,,8,,,,,,57625702,S, ,1J,20251110
YO25 5LJ,Driffield,,,New Walk,,117,,,,,,57279231,S, ,1L,20251104
YO25 5LJ,Driffield,,,New Walk,,102,,,,,,57279239,S, ,1W,20251104
YO25 5LQ,Driffield,,,Burton Pasture,,1,,,,,,57279278,S, ,1A,20251104
YO25 5LW,Driffield,,,Autherson Street,,1,,,,,,57655692,S, ,1B,20251111
YO25 5LW,Driffield,,,Autherson Street,,3,,,,,,58031052,S, ,1D,20251111
YO25 5LW,Driffield,,,Autherson Street,,5,,,,,,58031053,S, ,1E,20251111
YO25 5LW,Driffield,,,Autherson Street,,7,,,,,,58031054,S, ,1F,20251111
YO25 5LW,Driffield,,,Autherson Street,,9,,,,,,58031055,S, ,1G,20251111
YO25 5LW,Driffield,,,Autherson Street,,11,,,,,,58031056,S, ,1H,20251111
YO25 5LW,Driffield,,,Autherson Street,,15,,,,,,58031057,S, ,1J,20251111
YO25 5LW,Driffield,,,Autherson Street,,17,,,,,,58031058,S, ,1L,20251111
YO25 5LW,Driffield,,,Autherson Street,,16,,,,,,58031067,S, ,1X,20251111
YO25 5LW,Driffield,,,Autherson Street,,18,,,,,,58031068,S, ,1Y,20251111
YO25 5LW,Driffield,,,Autherson Street,,26,,,,,,58031072,S, ,2D,20251111
YO25 5LW,Driffield,,,Autherson Street,,28,,,,,,58031073,S, ,2E,20251111
YO25 5LW,Driffield,,,Autherson Street,,38,,,,,,58031077,S, ,2J,20251029
YO25 5LW,Driffield,,,Autherson Street,,40,,,,,,58031078,S, ,2L,20251031
YO25 5LX,Driffield,,,Bradley Grove,,1,,,,,,57655713,S, ,1A,20251111
YO25 5LX,Driffield,,,Bradley Grove,,2,,,,,,57655714,S, ,1B,20251111
YO25 5LX,Driffield,,,Bradley Grove,,3,,,,,,57655715,S, ,1D,20251111
YO25 5PS,Driffield,,,Broadley Garth,,4,,,,,,57842545,S, ,1E,20251104
YO25 5PS,Driffield,,,Broadley Garth,,13,,,,,,57842554,S, ,1R,20251104
YO25 5PT,Driffield,,,Sherwood Road,,7,,,,,,57843452,S, ,1E,20251029
YO25 5PT,Driffield,,,Sherwood Road,,11,,,,,,57843454,S, ,1G,20251104
YO25 5PT,Driffield,,,Sherwood Road,,17,,,,,,57843456,S, ,1J,20251104
YO25 5PT,Driffield,,,Sherwood Road,,19,,,,,,57843457,S, ,1L,20251103
YO25 5PT,Driffield,,,Sherwood Road,,23,,,,,,57843459,S, ,1P,20251117
YO26 6JR,York,Upper Poppleton,,Main Street,,0,Farfield,,,,,58037197,S, ,1S,20251104
YO26 6SG,York,Upper Poppleton,,Keepers Way,,65,,,,,,56744473,S, ,2R,20251104
YO26 6SG,York,Upper Poppleton,,Keepers Way,,42,,,,,,56744495,S, ,3T,20251028
YO26 6SG,York,Upper Poppleton,,Keepers Way,,88,,,,,,56744518,S, ,4X,20251104
YO26 6SG,York,Upper Poppleton,,Keepers Way,,90,,,,,,56744519,S, ,4Y,20251104
YO26 6SG,York,Upper Poppleton,,Keepers Way,,94,,,,,,56744521,S, ,5A,20251020
YO26 8JE,York,Moor Monkton,,Red House Lane,,0,West Fold Barn,,,,,58195494,S, ,1L,20251111
YO26 9AJ,York,Great Ouseburn,,De Kirkeby Mews,,6,,,,,,57577275,S, ,1G,20251029
YO30 7AN,York,,,Grosvenor Road,,0,Maple House,,,,,57707260,S, ,1G,20251104
YO30 7EN,York,,,Marygate,,0,1 Marygate Mews,,,,,56487399,S, ,1J,20251029
YO30 7EQ,York,,,Alf Patrick Court,,1,,,,,,57113953,S, ,1A,20251104
YO30 7ER,York,,,Keith Walwyn Walk,,19,,,,,,57113967,S, ,1N,20251023
YO31 7UB,York,,,Mansfield Street,,0,The Coal Yard 2,203c,,,,57254742,S, ,3N,20251104
YO31 7UB,York,,,Mansfield Street,,0,The Coal Yard 2,301d,,,,57254756,S, ,4E,20251104
YO31 8AQ,York,,,Whitecross Street,,1,,,,,,57509317,S, ,1A,20251104
YO31 8AQ,York,,,Whitecross Street,,2,,,,,,57509318,S, ,1B,20251104
YO31 8AQ,York,,,Whitecross Street,,9,,,,,,57509325,S, ,1L,20251104
YO42 1BF,York,Pocklington,,Constable Garth,,1,,,,,,57482895,S, ,1A,20251114
YO42 1BF,York,Pocklington,,Constable Garth,,2,,,,,,57482896,S, ,1B,20251114
YO42 1BF,York,Pocklington,,Constable Garth,,3,,,,,,57482897,S, ,1D,20251114
YO42 1BF,York,Pocklington,,Constable Garth,,4,,,,,,57482898,S, ,1E,20251114
YO42 1BF,York,Pocklington,,Constable Garth,,5,,,,,,57482899,S, ,1F,20251114
YO42 1BF,York,Pocklington,,Constable Garth,,6,,,,,,57482900,S, ,1G,20251114
YO42 1BG,York,Pocklington,,Cordwainer Croft,,3,,,,,,57968569,S, ,1D,20251114
YO42 1BG,York,Pocklington,,Cordwainer Croft,,4,,,,,,57968570,S, ,1E,20251114
YO42 1BJ,York,Pocklington,,Edmondson Green,,1,,,,,,57483000,S, ,1A,20251114
YO42 1BP,York,Pocklington,,Herring Avenue,,2,,,,,,57483054,S, ,1A,20251119
YO42 1BP,York,Pocklington,,Herring Avenue,,4,,,,,,58125611,S, ,1B,20251119
YO42 1BP,York,Pocklington,,Herring Avenue,,6,,,,,,58125612,S, ,1D,20251119
YO42 1BP,York,Pocklington,,Herring Avenue,,8,,,,,,58125613,S, ,1E,20251119
YO42 1BP,York,Pocklington,,Herring Avenue,,10,,,,,,58125614,S, ,1F,20251119
YO42 1BP,York,Pocklington,,Herring Avenue,,12,,,,,,58125615,S, ,1G,20251119
YO42 1BP,York,Pocklington,,Herring Avenue,,14,,,,,,58125616,S, ,1H,20251119
YO42 1BP,York,Pocklington,,Herring Avenue,,16,,,,,,58125617,S, ,1J,20251119
YO42 1BP,York,Pocklington,,Herring Avenue,,18,,,,,,58125618,S, ,1L,20251118
YO42 1BP,York,Pocklington,,Herring Avenue,,20,,,,,,58125619,S, ,1N,20251119
YO42 1BP,York,Pocklington,,Herring Avenue,,22,,,,,,58125620,S, ,1P,20251119
YO42 1BP,York,Pocklington,,Herring Avenue,,24,,,,,,58125621,S, ,1Q,20251119
YO42 1BP,York,Pocklington,,Herring Avenue,,26,,,,,,58125622,S, ,1R,20251119
YO42 1BS,York,Pocklington,,Ineson Chase,,3,,,,,,57483533,S, ,1B,20251104
YO42 1BS,York,Pocklington,,Ineson Chase,,1,,,,,,57968571,S, ,1D,20251119
YO42 1BS,York,Pocklington,,Ineson Chase,,2,,,,,,57968572,S, ,1E,20251119
YO42 1BT,York,Pocklington,,Lamb Crescent,,29,,,,,,57968573,S, ,1L,20251114
YO42 1BT,York,Pocklington,,Lamb Crescent,,31,,,,,,57968574,S, ,1N,20251114
YO42 1BT,York,Pocklington,,Lamb Crescent,,1,,,,,,57968575,S, ,1P,20251114
YO42 1BT,York,Pocklington,,Lamb Crescent,,3,,,,,,57968576,S, ,1Q,20251114
YO42 1BT,York,Pocklington,,Lamb Crescent,,5,,,,,,57968577,S, ,1R,20251114
YO42 1BT,York,Pocklington,,Lamb Crescent,,7,,,,,,57968578,S, ,1S,20251114
YO42 1BT,York,Pocklington,,Lamb Crescent,,9,,,,,,57968579,S, ,1T,20251114
YO42 1BT,York,Pocklington,,Lamb Crescent,,2,,,,,,57968580,S, ,1U,20251114
YO42 1BT,York,Pocklington,,Lamb Crescent,,4,,,,,,57968581,S, ,1W,20251114
YO42 1BT,York,Pocklington,,Lamb Crescent,,33,,,,,,58201985,S, ,2B,20251114
YO42 1BY,York,Pocklington,,Reeve Dale,,1,,,,,,57483599,S, ,1A,20251114
YO42 1BY,York,Pocklington,,Reeve Dale,,2,,,,,,57483600,S, ,1B,20251114
YO42 1BY,York,Pocklington,,Reeve Dale,,3,,,,,,57483601,S, ,1D,20251114
YO42 1DA,York,Pocklington,,Richardson Place,,22,,,,,,57483635,S, ,1P,20251104
YO42 1DA,York,Pocklington,,Richardson Place,,26,,,,,,57483637,S, ,1R,20251104
YO42 1DJ,York,Pocklington,,Wilberforce Drive,,20,,,,,,57483899,S, ,1N,20251114
YO42 1DJ,York,Pocklington,,Wilberforce Drive,,22,,,,,,57483900,S, ,1P,20251114
YO42 1DJ,York,Pocklington,,Wilberforce Drive,,24,,,,,,57483901,S, ,1Q,20251114
YO42 1DJ,York,Pocklington,,Wilberforce Drive,,26,,,,,,57483902,S, ,1R,20251114
YO42 1DJ,York,Pocklington,,Wilberforce Drive,,28,,,,,,57483903,S, ,1S,20251114
YO42 1DJ,York,Pocklington,,Wilberforce Drive,,30,,,,,,57483904,S, ,1T,20251114
YO42 1DJ,York,Pocklington,,Wilberforce Drive,,32,,,,,,57483905,S, ,1U,20251114
YO42 1DJ,York,Pocklington,,Wilberforce Drive,,34,,,,,,57483906,S, ,1W,20251114
YO42 1DJ,York,Pocklington,,Wilberforce Drive,,36,,,,,,57483907,S, ,1X,20251114
YO42 1DJ,York,Pocklington,,Wilberforce Drive,,38,,,,,,57483908,S, ,1Y,20251114
YO42 1DJ,York,Pocklington,,Wilberforce Drive,,40,,,,,,57483909,S, ,1Z,20251114
YO42 1DJ,York,Pocklington,,Wilberforce Drive,,12,,,,,,57483895,S, ,2Y,20251031
YO42 1DL,York,Pocklington,,Yeoman Haven,,1,,,,,,57483930,S, ,1A,20251114
YO42 1DL,York,Pocklington,,Yeoman Haven,,2,,,,,,57483931,S, ,1B,20251114
YO42 1DL,York,Pocklington,,Yeoman Haven,,3,,,,,,57483932,S, ,1D,20251114
YO42 2JB,York,Pocklington,,Garths End,,0,25a,,,,,57617518,S, ,1W,20251028
YO42 2RW,York,Pocklington,,Barley Avenue,,80,,,,,,56095157,S, ,5L,20251021
YO42 2UF,York,Pocklington,,Timbs Grove,,12,,,,,,55919081,S, ,1T,20251021
YO42 2UF,York,Pocklington,,Timbs Grove,,18,,,,,,55919084,S, ,1Y,20251021
YO42 2UH,York,Pocklington,,Hayton Avenue,,14,,,,,,55919136,S, ,3U,20251021
YO42 2UH,York,Pocklington,,Hayton Avenue,,15,,,,,,55919137,S, ,3X,20251021
YO42 2ZG,York,Pocklington,,Lee Croft,,1,,,,,,56095005,S, ,1R,20251021
YO42 2ZG,York,Pocklington,,Lee Croft,,5,,,,,,56095007,S, ,1U,20251021
YO42 2ZG,York,Pocklington,,Lee Croft,,12,,,,,,56095016,S, ,2D,20251029
YO43 4ED,York,Holme-on-Spalding-Moor,,Market Weighton Road,,0,Reservoir House,,,,,57241868,S, ,1L,20251118
YO51 9RR,York,Boroughbridge,,Fulmar Drive,,32,,,,,,57074518,S, ,2R,20251108
YO51 9RX,York,Boroughbridge,,Kestrel Grove,,2,,,,,,57074578,S, ,1B,20251023
YO51 9SA,York,Boroughbridge,,Brigante Place,,33,,,,,,57074645,S, ,3Z,20251022
YO51 9SB,York,Boroughbridge,,Brigante Place,,36,,,,,,57074687,S, ,4Z,20251031
YO51 9SB,York,Boroughbridge,,Brigante Place,,46,,,,,,57074692,S, ,5J,20251101
YO61 1JG,York,Huby,,Maple Lane,,32,,,,,,57705461,S, ,2N,20251104
YO61 1JG,York,Huby,,Maple Lane,,34,,,,,,57705462,S, ,2P,20251104
YO61 1JG,York,Huby,,Maple Lane,,36,,,,,,57705463,S, ,2Q,20251030
YO61 1JG,York,Huby,,Maple Lane,,38,,,,,,57705464,S, ,2R,20251104
YO61 1PU,York,Tollerton,,South Back Lane,,0,Montel House,,,,,57623517,S, ,2Q,20251029
YO61 3SR,York,Easingwold,,Maple Crescent,,27,,,,,,56954430,S, ,1S,20251027
YO62 4BT,York,Slingsby,,Mowbray Green,,5,,,,,,57885050,S, ,1F,20251025
YO62 4BT,York,Slingsby,,Mowbray Green,,15,,,,,,57908289,S, ,1S,20251029
YO62 5DE,York,Helmsley,,Ashdale Road,,0,1b,,,,,58169143,S, ,2Q,20251028
YO62 6RB,York,Sinnington,,Marton Road,,0,The Lodge,,,,,58172710,S, ,1R,20251021
