2025/10/20,08:25:48,I,PL9 8YA,1T,C,33
2025/10/20,09:25:22,D,PL4 0LE,3N,S,Macpherson Motorcycles Marine House
2025/10/20,09:39:15,I,PL26 8WN,1R,X,14 Caudledown Mill Court
2025/10/20,09:39:15,I,PL26 8WN,1S,Y,15 Caudledown Mill Court
2025/10/20,10:27:56,I,PL30 3BQ,2U,9,St. Mabyn Peace Memorial Hall
2025/10/20,10:35:23,I,PL9 8US,2T,X,36
2025/10/20,11:52:08,I,YO13 9GB,1Q,7,4
2025/10/20,11:55:08,I,PL9 7JN,1X,J,18
2025/10/20,12:10:38,I,YO31 8JP,2L,P,Ivy & May Hair Design
2025/10/20,12:17:05,D,PL33 9AE,1U,4,Delabole Surgery 46
2025/10/20,12:17:05,I,PL33 9AE,1U,4,46
2025/10/20,13:40:18,B,PL26 8PY,3Y,A,Nu Car Wash 2 Rockhill Business Park
2025/10/20,13:40:18,C,PL26 8PY,3Y,A,Rockhill Car Wash Rockhill Business Park
2025/10/20,13:51:18,I,PL15 8QE,4X,J,Pall-Ex Unit 2 Lake Side View
2025/10/20,14:25:03,D,PL1 3JY,2A,W,16
2025/10/20,14:25:03,I,PL1 3JY,2A,W,2 Technical 16
2025/10/20,14:25:27,D,PL1 4HE,2G,H,Crown & Column 223
2025/10/20,14:25:27,I,PL1 4HE,2G,H,223
2025/10/20,14:25:42,D,PL1 5AY,1H,P,Personal Office Services Ltd 6
2025/10/20,14:25:42,I,PL1 5AY,1H,P,6
2025/10/20,14:25:58,D,PL1 5BY,1A,J,Kids Clothing & Sportswear 153
2025/10/20,14:25:58,I,PL1 5BY,1A,J,153
2025/10/20,14:26:16,D,PL1 5BY,1D,S,157
2025/10/20,14:26:16,I,PL1 5BY,1D,S,Mike Walker & Son 157
2025/10/20,14:27:11,I,PL2 1NT,1Q,9,Flat 1 59
2025/10/20,14:27:18,I,PL2 1NT,1R,A,Flat 2 59
2025/10/20,14:29:51,B,PL4 6JQ,1J,8,Spike Up Barbers 41
2025/10/20,14:29:51,C,PL4 6JQ,1J,8,Bucharest Mini Market 41
2025/10/20,14:30:16,B,PL4 6JQ,1L,A,Saz Salon 43
2025/10/20,14:30:16,C,PL4 6JQ,1L,A,Spike Up Barbers 43
2025/10/20,14:30:46,B,PL4 8EU,1D,3,Two Parts Strong 50
2025/10/20,14:30:46,C,PL4 8EU,1D,3,The Crafty Half 50
2025/10/20,14:31:08,D,PL4 8EU,1B,V,48
2025/10/20,14:31:08,I,PL4 8EU,1B,V,Hills Barbers 48
2025/10/20,14:31:37,D,PL4 9EP,3N,5,Grooming Marvellous
2025/10/20,14:31:37,I,PL4 9EP,3N,5,49
2025/10/20,14:31:55,B,PL4 9ER,1E,W,Disc Manufacturing Services Ltd 57
2025/10/20,14:31:55,C,PL4 9ER,1E,W,Eliveate 57
2025/10/20,14:32:38,B,PL9 7HP,1N,9,Plymouth M O T Centre Billacombe Road Garage 3
2025/10/20,14:32:38,C,PL9 7HP,1N,9,The Hot Car Wash Centre Billacombe Road Garage 3
2025/10/20,14:32:56,B,PL9 7HT,2S,D,Super Dooper Stores Unit 1-2
2025/10/20,14:32:56,C,PL9 7HT,2S,D,Hugs Unit 1-2
2025/10/20,14:33:11,D,PL9 7HT,2H,2,Unit 13
2025/10/20,14:33:11,I,PL9 7HT,2H,2,Plymouth Discount Golf Unit 13
2025/10/20,14:34:03,B,PL9 7HX,1Q,K,Message Cloud 15
2025/10/20,14:34:03,C,PL9 7HX,1Q,K,Ocean City Vets 15
2025/10/20,14:34:19,D,PL9 7HX,1T,N,Greycot Business Services Ltd 15b
2025/10/20,14:34:19,I,PL9 7HX,1T,N,15b
2025/10/20,14:34:41,D,PL9 7LJ,1G,0,The Olive Branch 167
2025/10/20,14:34:41,I,PL9 7LJ,1G,0,167
2025/10/20,15:07:11,I,PL9 7GT,1A,Z,7
2025/10/20,15:46:10,D,YO7 3QB,2A,Y,Winnow Barn
2025/10/20,16:20:14,D,YO16 4PR,3F,R,67
2025/10/20,16:20:14,I,YO16 4PR,3F,R,Sissy & One 67
2025/10/20,16:40:39,I,YO26 6SG,5A,D,94
2025/10/20,17:30:19,I,PL9 7JN,1W,I,16
2025/10/21,09:03:13,I,PL9 8YE,1N,G,1
2025/10/21,12:25:25,I,YO7 3GJ,3U,N,24
2025/10/21,13:23:54,I,PL12 6GU,1F,B,9
2025/10/21,14:32:45,I,YO15 3QB,1E,1,Park Rose Cafe
2025/10/21,14:33:52,I,YO62 6RB,1R,Q,The Lodge
2025/10/21,14:36:25,I,YO16 4SJ,6Z,9,Marks Garage
2025/10/21,14:37:25,I,YO16 4SH,1X,U,Flat 2 56
2025/10/21,14:37:31,I,YO16 4SH,1Y,V,Flat 3 56
2025/10/21,14:37:37,I,YO16 4SH,1Z,W,Flat 4 56
2025/10/21,14:37:49,B,YO16 4SH,1B,8,56
2025/10/21,14:37:49,C,YO16 4SH,1B,8,Flat 1 56
2025/10/21,14:39:19,I,YO18 7DE,2N,E,Pickering Common Association
2025/10/21,14:41:23,I,YO42 2RW,5L,X,80
2025/10/21,14:41:46,I,YO42 2ZG,1R,R,1
2025/10/21,14:41:46,I,YO42 2ZG,1U,U,5
2025/10/21,14:42:14,I,YO42 2UF,1T,T,12
2025/10/21,14:42:14,I,YO42 2UF,1Y,Y,18
2025/10/21,14:43:08,I,YO42 2UH,3U,Y,14
2025/10/21,14:43:08,I,YO42 2UH,3X,V,15
2025/10/21,15:38:38,B,PL8 1EW,1T,C,7
2025/10/21,15:38:38,C,PL8 1EW,1T,C,7-8
2025/10/21,15:39:36,D,PL8 1EW,2S,C,8
2025/10/21,15:57:04,I,YO31 7EQ,6L,O,Gillygate By The Walls 24
2025/10/22,08:08:53,I,YO8 9UW,1B,U,2
2025/10/22,09:28:44,B,PL1 9JN,1A,Q,Po Box 145
2025/10/22,09:28:44,C,PL1 9JN,1A,Q,Trevi House Ltd Po Box 145
2025/10/22,09:31:19,I,PL2 9ET,1A,S,Po Box 145
2025/10/22,09:53:12,D,PL15 8EX,5D,7,Unit 2 15
2025/10/22,09:53:12,I,PL15 8EX,5D,7,Fawkes Fitness Unit 2 15
2025/10/22,10:26:19,I,PL9 7GT,1F,4,17
2025/10/22,10:43:16,I,PL27 6GN,1J,8,4
2025/10/22,11:52:56,I,YO11 1TS,3H,K,62a
2025/10/22,12:03:23,I,YO11 1TS,3J,S,63
2025/10/22,12:17:46,I,YO11 1TS,3L,O,63a
2025/10/22,12:42:21,I,YO51 9SA,3Z,P,33
2025/10/22,13:33:33,D,PL20 6QE,2A,U,Dewerstone Ltd
2025/10/22,13:41:35,I,PL9 8WE,1B,2,2
2025/10/22,15:30:53,D,YO15 3HS,2Y,O,Top Flat 30
2025/10/22,15:32:48,D,YO16 4SF,2B,7,Unit A
2025/10/22,15:32:48,I,YO16 4SF,2B,7,Mega Beds Unit A
2025/10/22,15:33:42,D,YO16 4SJ,5H,K,Unit 4
2025/10/22,15:33:42,I,YO16 4SJ,5H,K,X Catalogue Shop Unit 4
2025/10/22,15:35:44,I,YO16 4SJ,7A,L,Helmed Unit 14
2025/10/22,15:37:51,I,YO15 3HP,3E,8,R S Bodyshop Ltd 3a
2025/10/23,09:00:17,I,YO8 5SE,1G,B,2 The Coppice
2025/10/23,09:06:46,I,YO8 5SE,1F,A,1 The Coppice
2025/10/23,09:19:08,B,PL23 1BS,1A,K,Place House
2025/10/23,09:19:08,C,PL23 1BS,1A,K,Place
2025/10/23,10:47:18,I,PL15 7QH,1H,2,Bliss Hair Design
2025/10/23,10:55:45,D,PL6 5AH,1D,F,Latte Dah 22
2025/10/23,10:55:45,I,PL6 5AH,1D,F,22
2025/10/23,10:56:18,B,PL3 4RQ,1Q,E,Ultraviolet 84 84
2025/10/23,10:56:18,C,PL3 4RQ,1Q,E,Wren Devon 84
2025/10/23,11:37:47,I,YO11 3YH,3P,O,24
2025/10/23,11:53:51,I,YO17 7AA,5A,Q,Elegant Finishes 31
2025/10/23,12:02:04,D,PL13 2RR,1F,A,Pedyr's Bake House 4
2025/10/23,12:02:04,I,PL13 2RR,1F,A,4
2025/10/23,12:47:17,B,PL19 8AQ,1H,0,Boutique Gin Shack 86-87
2025/10/23,12:47:17,C,PL19 8AQ,1H,0,Rolys Fudge 86-87
2025/10/23,13:04:01,D,YO12 7HZ,2B,F,168
2025/10/23,14:01:31,I,YO30 7ER,1N,L,19
2025/10/23,14:30:16,I,YO31 8NS,2T,Y,The Beauty Bar 2
2025/10/23,15:03:15,I,YO17 7AA,5B,R,Harrowells Ltd 31
2025/10/23,15:14:42,I,YO51 9RX,1B,R,2
2025/10/23,16:23:33,I,PL14 3LS,2G,3,Treweatha House
2025/10/24,08:34:35,B,PL12 6JL,3E,0,Saltash Studios 24
2025/10/24,08:34:35,C,PL12 6JL,3E,0,Carbon Pixel 24
2025/10/24,11:04:05,D,YO8 4JS,1N,M,19
2025/10/24,11:04:05,I,YO8 4JS,1N,M,Choco Latte 19
2025/10/24,11:18:51,B,PL12 6NG,1S,B,Saltash Storage Ltd Unit 4 Long Orchard
2025/10/24,11:18:51,C,PL12 6NG,1S,B,Pip & Heather Ltd Unit 4 Long Orchard
2025/10/24,11:19:46,B,PL1 3NB,1R,T,Ali Babas 115
2025/10/24,11:19:46,C,PL1 3NB,1R,T,Wing City 115
2025/10/24,11:22:15,D,PL24 2NF,1D,O,Paiges Hair Dressers 13
2025/10/24,11:22:15,I,PL24 2NF,1D,O,13
2025/10/24,11:38:13,I,PL13 1PR,3L,F,Homestead
2025/10/24,11:58:55,I,YO16 6BB,1H,Z,7
2025/10/24,12:02:31,I,PL25 5FQ,1X,F,60
2025/10/24,12:06:47,I,PL21 0JB,1P,Z,21
2025/10/24,12:23:43,I,PL21 0ZH,1D,3,6
2025/10/24,12:23:43,I,PL21 0ZH,1E,4,8
2025/10/24,12:23:43,I,PL21 0ZH,1G,0,12
2025/10/24,12:23:43,I,PL21 0ZH,1N,7,20
2025/10/24,12:23:43,I,PL21 0ZH,1P,F,22
2025/10/24,12:23:43,I,PL21 0ZH,1S,C,28
2025/10/24,12:29:26,I,PL15 9RF,5X,N,B J R Building Services
2025/10/24,17:25:56,D,YO25 9DJ,4A,2,Thornton-Varley Ltd Workshop Unit 7
2025/10/24,17:25:56,I,YO25 9DJ,4A,2,Workshop Unit 7
2025/10/24,17:26:39,D,YO31 9BL,1U,M,Phoenix Healthcare Distribution Ltd Electra House
2025/10/24,17:26:39,I,YO31 9BL,1U,M,Electra House Unit 2
2025/10/25,08:09:43,I,PL19 9FJ,1D,1,5
2025/10/25,11:14:06,I,YO62 4BT,1F,8,5
2025/10/25,12:02:10,D,YO7 1LQ,1A,B,1 Steads Yard
2025/10/25,12:02:10,I,YO7 1LQ,1A,B,Amica Hair & Beauty 1 Steads Yard
2025/10/27,08:58:35,I,YO15 3BN,2D,Y,24
2025/10/27,09:03:34,I,YO61 3SR,1S,4,27
2025/10/27,09:08:33,I,PL9 7GT,1E,3,15
2025/10/27,09:16:22,D,YO11 1SR,2X,3,Michael Brown Racing 1a
2025/10/27,09:16:22,I,YO11 1SR,2X,3,1a
2025/10/27,09:19:40,B,YO18 7AJ,3F,9,Yorkshire Kitchens 7
2025/10/27,09:19:40,C,YO18 7AJ,3F,9,Yorkshire Kitchen & Interiors 7
2025/10/27,09:20:09,D,YO19 6QR,2E,V,Unit 12 A19 Business Park
2025/10/27,09:20:57,D,YO24 1AX,3R,K,C M L 105
2025/10/27,09:20:57,I,YO24 1AX,3R,K,105
2025/10/27,09:21:17,D,YO30 4XA,3X,Q,Blackwell & Denton 12
2025/10/27,09:21:17,I,YO30 4XA,3X,Q,12
2025/10/27,09:21:40,B,YO62 5DW,1F,K,Pennitas 7
2025/10/27,09:21:40,C,YO62 5DW,1F,K,Court House Framers 7
2025/10/27,11:23:15,I,YO11 3BD,3T,1,31
2025/10/27,13:25:29,D,YO42 1BZ,1U,O,29
2025/10/27,13:26:25,D,YO42 1DE,1S,9,3
2025/10/27,16:24:20,I,YO12 4FN,3P,D,2
2025/10/28,08:44:29,I,PL9 8WE,1A,1,1
2025/10/28,09:55:48,I,YO26 6SG,3T,U,42
2025/10/28,10:02:02,I,PL32 9XN,3R,S,3 Inny Vale Holiday Village
2025/10/28,10:46:51,I,YO15 3EW,2Y,V,18
2025/10/28,10:48:59,I,PL31 2XF,2D,3,45
2025/10/28,12:32:36,I,YO7 4DJ,1R,G,Skylark Mews Manor House Farm
2025/10/28,12:32:53,D,YO7 4DJ,1R,G,Skylark Mews Manor House Farm
2025/10/28,13:33:04,D,YO62 5DD,1J,B,1a
2025/10/28,13:33:04,I,YO62 5DE,2R,F,1a
2025/10/28,13:34:15,I,YO62 5DE,2Q,E,1b
2025/10/28,13:35:20,I,YO25 6LJ,2E,F,Essential Beauty 24
2025/10/28,13:38:12,B,PL7 5JX,2T,M,Mark Holt & Co Ltd 7 Sandy Court
2025/10/28,13:38:12,C,PL7 5JX,2T,M,Wilson Partners 7 Sandy Court
2025/10/28,13:40:49,I,PL21 0WL,3X,Q,49
2025/10/28,13:40:49,I,PL21 0WL,3Y,R,51
2025/10/28,13:40:49,I,PL21 0WL,3Z,S,53
2025/10/28,13:40:49,I,PL21 0WL,4A,4,55
2025/10/28,13:40:49,I,PL21 0WL,4B,5,57
2025/10/28,13:45:38,D,PL21 0SG,2Q,9,The Lodge At Colmer Colmer Estate
2025/10/28,13:46:22,B,PL15 8EX,5Z,T,Bristol Street Motors plc
2025/10/28,13:46:22,C,PL15 8EX,5Z,T,Vertus
2025/10/28,13:46:41,B,PL15 8EX,7P,R,Kensey Care Services
2025/10/28,13:46:41,C,PL15 8EX,7P,R,Athena Learning Trust
2025/10/28,13:47:01,D,PL15 8EX,4N,G,Unit 4 Southern Court
2025/10/28,13:47:01,I,PL15 8EX,4N,G,Bendall Carpentry Unit 4 Southern Court
2025/10/28,13:47:16,D,PL15 8EX,5E,8,Unit 6 Southern Court
2025/10/28,13:47:16,I,PL15 8EX,5E,8,Stove Centre Unit 6 Southern Court
2025/10/28,13:47:35,I,PL15 8EX,7Y,U,Eclipse Training Unit 5
2025/10/28,13:47:55,D,PL15 8EX,7F,H,Unit 13b-13c
2025/10/28,13:47:55,I,PL15 8EX,7F,H,Hiscox Core Fitness Unit 13b-13c
2025/10/28,13:48:11,D,PL15 8EX,7L,N,Unit 13e
2025/10/28,13:48:11,I,PL15 8EX,7L,N,Launceston Commercials Unit 13e
2025/10/28,13:48:28,B,PL15 8EX,5D,7,Fawkes Fitness Unit 2 15
2025/10/28,13:48:28,C,PL15 8EX,5D,7,Russell Ham Unit 2 15
2025/10/28,13:57:13,I,YO62 6TE,3U,0,Wesley Cottage
2025/10/28,14:52:04,I,YO8 6LW,2P,3,All Saints Church
2025/10/28,16:10:07,D,PL9 8SF,1B,Z,Abbeyfield Society 52
2025/10/28,16:10:07,I,PL9 8SF,1B,Z,52
2025/10/28,16:39:28,I,PL25 4PX,4J,K,3
2025/10/28,16:42:56,I,YO42 2JB,1W,H,25a
2025/10/29,07:55:21,I,YO62 4BT,1S,L,15
2025/10/29,08:12:33,D,YO42 1PQ,1D,I,1 Smylet Cottage
2025/10/29,08:37:23,I,YO26 9AJ,1G,9,6
2025/10/29,11:12:10,I,YO25 5LW,2J,Q,38
2025/10/29,12:22:40,D,YO11 9JN,1A,A,Po Box 555
2025/10/29,12:45:14,D,PL1 2DA,2L,C,Flat 18
2025/10/29,12:46:58,I,PL1 2DJ,1A,F,2
2025/10/29,12:58:35,D,YO1 9PB,1A,W,11
2025/10/29,12:58:35,I,YO1 9PB,1A,W,Pepe's Piri Piri 11
2025/10/29,13:10:57,B,YO41 4HD,1G,W,The Coach House
2025/10/29,13:10:57,C,YO41 4HD,1G,W,The Old Coach House
2025/10/29,13:13:29,I,YO25 5PT,1E,L,7
2025/10/29,13:18:08,I,YO61 1PU,2Q,7,Montel House
2025/10/29,13:27:24,B,YO8 5BL,1A,P,Clipper Logistics Warehouse 39
2025/10/29,13:27:24,C,YO8 5BL,1A,P,Gxo Warehouse 39
2025/10/29,13:32:51,D,YO11 2HT,3X,Q,24
2025/10/29,13:32:51,I,YO11 2HT,3X,Q,1924 Cocktails 24
2025/10/29,13:33:18,B,YO30 7BH,1W,H,Jorvic Hotel 50-52
2025/10/29,13:33:18,C,YO30 7BH,1W,H,Jorvik House 50-52
2025/10/29,13:33:44,B,YO42 4JQ,1A,6,Halfacres Farm Egg Laying Units
2025/10/29,13:33:44,C,YO42 4JQ,1A,6,Avara Foods Ltd Egg Laying Units
2025/10/29,13:34:01,I,YO30 7EN,1J,D,1 Marygate Mews
2025/10/29,13:46:56,B,YO11 2NP,1W,V,Storm 9
2025/10/29,13:46:56,C,YO11 2NP,1W,V,Brew & Bao 9
2025/10/29,13:47:25,I,YO15 1DA,2U,8,6
2025/10/29,13:47:47,D,YO15 1DT,1S,I,1
2025/10/29,13:47:59,D,YO15 1DT,1T,J,3
2025/10/29,13:48:18,D,YO15 1EG,1A,O,1 Finley Cottages
2025/10/29,13:49:13,D,YO15 1EW,1F,F,1
2025/10/29,13:50:17,B,YO15 1JX,3R,Z,Kitchens 2
2025/10/29,13:50:17,C,YO15 1JX,3R,Z,Flamborough Pet Store 2
2025/10/29,13:50:46,I,YO15 1JX,3Y,0,Flat Flamborough Pharmacy
2025/10/29,13:51:24,D,YO15 1LW,1S,Z,2 Prospect House
2025/10/29,13:52:00,I,YO15 1NE,1Y,J,Co-Operative Retail Services Ltd
2025/10/29,13:54:30,D,YO15 1PW,2S,4,Maidlands Farm
2025/10/29,13:54:57,B,YO15 2AP,1R,H,Chambers Chartered 34
2025/10/29,13:54:57,C,YO15 2AP,1R,H,I D Tattoo 34
2025/10/29,13:55:30,D,YO15 2AP,1P,F,30
2025/10/29,13:55:30,I,YO15 2AP,1P,F,Carmens Cafe 30
2025/10/29,13:56:09,I,YO15 2AP,2U,L,Flat 1 24a
2025/10/29,13:56:37,D,YO15 2AP,2J,A,24a
2025/10/29,13:56:37,I,YO15 2AP,2J,A,Big Bri's Mobility 24a
2025/10/29,13:56:46,B,YO15 2AP,2U,L,Flat 1 24a
2025/10/29,13:56:46,C,YO15 2AP,2U,L,Flat 24a
2025/10/29,14:25:27,D,YO15 2AR,1E,0,33
2025/10/29,14:27:46,D,YO15 2AS,1U,N,9
2025/10/29,14:34:43,D,YO16 4AU,1S,Q,The Hinge Centre 19-21
2025/10/29,14:34:43,I,YO16 4AU,1S,Q,19-21
2025/10/29,14:35:04,B,YO16 4AY,2P,S,Bridlington Sports Centre
2025/10/29,14:35:04,C,YO16 4AY,2P,S,Bridlington C Y P
2025/10/29,14:36:47,I,YO16 4SF,2H,D,Taylor Made Unit 3
2025/10/29,14:37:41,D,YO16 4SJ,6Z,9,Marks Garage
2025/10/29,14:38:02,D,YO16 4SJ,4F,N,Newland Paint Supplies Ltd
2025/10/29,14:38:27,D,YO16 4SJ,3Y,5,Unit 3e
2025/10/29,14:38:27,I,YO16 4SJ,3Y,5,Building Block World Unit 3e
2025/10/29,14:39:24,I,YO16 4SJ,7B,M,Lets Rock
2025/10/29,14:39:58,B,YO16 4SJ,2L,R,Waterloo (Motor Trade) Ltd Unit 2b-2d
2025/10/29,14:39:58,C,YO16 4SJ,2L,R,G S F Unit 2b-2d
2025/10/29,14:41:47,D,YO16 6TH,1T,Z,6
2025/10/29,14:41:58,D,YO16 6TH,1U,0,8
2025/10/29,14:51:32,D,YO16 7JE,1W,W,183
2025/10/29,14:51:32,I,YO16 7JE,1W,W,Wolds Detecting 183
2025/10/29,14:51:56,D,YO42 1AP,1E,3,Wolds Engineering Services Ltd Unit 4
2025/10/29,14:51:56,I,YO42 1AP,1E,3,Unit 4
2025/10/29,14:52:13,B,YO42 1DQ,1A,3,C L House Unit 3
2025/10/29,14:52:13,C,YO42 1DQ,1A,3,Unit 3
2025/10/29,14:52:49,B,YO42 1NP,3Y,W,C S K Race Exhausts
2025/10/29,14:52:49,C,YO42 1NP,3Y,W,R & B Autos
2025/10/29,14:53:23,D,YO42 1NP,3Z,X,Foxinabox Ltd
2025/10/29,14:54:03,D,YO42 1NR,1P,T,Coopers Marquees Ltd Unit 3 Windsor Court
2025/10/29,14:54:03,I,YO42 1NR,1P,T,Unit 3 Windsor Court
2025/10/29,14:55:39,D,YO42 1NR,8T,Y,Unit 10
2025/10/29,14:56:35,D,YO42 1NR,1D,H,Brows Motor Care
2025/10/29,14:56:35,I,YO42 1NR,1D,H,Unit 2
2025/10/29,14:56:55,D,YO42 1NR,4E,F,Agrovista UK Ltd
2025/10/29,14:57:11,D,YO42 1NR,1J,N,Impact Bodyworks Ltd Unit 98
2025/10/29,14:57:11,I,YO42 1NR,1J,N,Unit 98
2025/10/29,14:57:23,D,PL15 7AR,1A,P,Angels 1
2025/10/29,14:57:23,I,PL15 7AR,1A,P,1
2025/10/29,14:57:34,D,YO42 1NR,4U,V,Badger 3d Unit 2d
2025/10/29,14:57:34,I,YO42 1NR,4U,V,Unit 2d
2025/10/29,14:58:09,D,YO42 1NR,6U,3,Unit 2c
2025/10/29,14:58:09,I,YO42 1NR,6U,3,Butterfields Unit 2c
2025/10/29,14:58:35,D,YO42 1NR,2L,K,Moonlight Bedrooms Ltd
2025/10/29,14:58:35,I,YO42 1NR,2L,K,Browns Motor Care Unit 4
2025/10/29,14:59:18,D,YO42 1NR,8J,O,G T Graphics Ltd
2025/10/29,15:00:20,D,YO42 1NS,2P,P,Unit 2 Allerthorpe Business Park
2025/10/29,15:00:20,I,YO42 1NS,2P,P,Vallet Vans Unit 2 Allerthorpe Business Park
2025/10/29,15:01:43,I,YO42 2EB,1L,V,The Winery
2025/10/29,15:02:02,I,YO42 2ZG,2D,E,12
2025/10/29,15:03:01,D,YO42 4RJ,1L,I,Lakeside Park
2025/10/29,15:03:43,D,YO42 4RL,1P,O,The Cabin Conifer Lake Carp & Course Fishery Camp
2025/10/29,15:04:10,D,YO62 6QR,4T,A,36
2025/10/29,15:04:28,D,YO62 6QR,3S,8,36b
2025/10/29,15:04:43,D,YO62 6QR,4H,Y,42
2025/10/29,15:05:08,D,YO62 6UA,1T,U,Prospect Farm
2025/10/29,15:05:32,B,YO62 6UA,3E,N,Moorland Cycles Unit 5-6 The Craft Workshops
2025/10/29,15:05:32,C,YO62 6UA,3E,N,Moorland Cycles Unit 5 The Craft Workshops
2025/10/29,15:07:17,I,YO62 6UA,3P,Y,Dog Grooming Unit 6 The Craft Workshops
2025/10/29,15:07:35,D,YO62 6UD,2W,7,Grouse Hall
2025/10/29,15:08:00,D,YO62 7UY,1R,N,The Post Office
2025/10/29,16:10:08,D,YO21 1QP,1J,R,7
2025/10/29,16:10:52,I,YO21 1QP,2B,E,Flat 1 7
2025/10/29,16:10:52,I,YO21 1QP,2D,M,Flat 2 7
2025/10/29,16:10:52,I,YO21 1QP,2E,N,Flat 3 7
2025/10/29,16:10:52,I,YO21 1QP,2F,I,Flat 4 7
2025/10/29,16:10:52,I,YO21 1QP,2G,J,Flat 5 7
2025/10/29,16:54:51,D,PL26 8LX,4B,D,Unit 6
2025/10/29,16:54:51,I,PL26 8LX,4B,D,Tierzero Games Unit 6
2025/10/29,20:15:16,D,YO15 1ES,1A,0,1
2025/10/29,20:15:16,D,YO16 6BB,1H,Z,7
2025/10/30,10:23:40,I,YO10 4BE,1Y,B,126a
2025/10/30,10:53:52,D,PL25 3AG,1H,C,Flat 2-6 3
2025/10/30,10:53:52,D,PL25 3AG,2F,H,Flat 1 3
2025/10/30,11:55:14,I,YO61 1JG,2Q,N,36
2025/10/30,12:10:42,I,YO10 4GB,1B,K,Suite 116 Waterloo House
2025/10/30,12:10:49,I,YO10 4GB,1D,S,Suite 117 Waterloo House
2025/10/30,12:11:22,D,YO10 4GB,1B,K,Suite 116 Waterloo House
2025/10/30,12:11:22,D,YO10 4GB,1D,S,Suite 117 Waterloo House
2025/10/30,12:47:41,I,PL17 7FL,1G,2,6
2025/10/30,12:59:29,B,PL21 0RF,1S,8,Lilibet House
2025/10/30,12:59:29,C,PL21 0RF,1S,8,Loveny
2025/10/30,13:00:47,B,PL27 7DJ,1B,U,Delicia 2
2025/10/30,13:00:47,C,PL27 7DJ,1B,U,Sorella Coffee & Kitchen 2
2025/10/30,13:08:34,B,YO8 3UW,1N,0,Chalwin
2025/10/30,13:08:34,C,YO8 3UW,1N,0,Meadowbrooke Cottage
2025/10/30,14:41:51,I,PL15 9TT,1B,7,2
2025/10/30,14:59:33,I,YO11 3ZF,1U,W,21
2025/10/30,15:18:01,I,PL27 7HZ,1N,K,Rosmowhay Bodellick Farm
2025/10/30,16:21:11,I,PL14 5NA,2D,M,Higher Slade Farm
2025/10/30,16:21:28,D,PL14 5NA,2D,M,Higher Slade Farm
2025/10/30,16:21:28,I,PL14 5NA,2D,M,Higher Slade Farm
2025/10/30,17:31:57,I,PL21 0LU,1S,N,2 Craig Cottages
2025/10/31,08:23:47,I,PL12 6GU,1S,I,10
2025/10/31,09:31:04,I,PL31 2WT,2B,8,22
2025/10/31,09:31:04,I,PL31 2WT,2D,G,23
2025/10/31,09:31:04,I,PL31 2WT,2E,H,24
2025/10/31,09:31:04,I,PL31 2WT,2F,C,25
2025/10/31,09:31:04,I,PL31 2WT,2H,E,27
2025/10/31,10:46:28,D,PL20 7PE,1B,U,Unit F4
2025/10/31,10:46:28,I,PL20 7PE,1B,U,Moorcare Devon Ltd Unit F4
2025/10/31,11:30:05,I,YO12 4FJ,3B,V,16
2025/10/31,11:30:05,I,YO12 4FJ,3D,3,12
2025/10/31,11:30:05,I,YO12 4FJ,3E,4,2
2025/10/31,11:30:05,I,YO12 4FJ,3J,9,8
2025/10/31,11:30:05,I,YO12 4FJ,3L,B,14
2025/10/31,11:30:05,I,YO12 4FJ,3N,7,6
2025/10/31,11:30:05,I,YO12 4FJ,3Q,G,4
2025/10/31,11:30:05,I,YO12 4FJ,3T,D,10
2025/10/31,12:13:29,I,YO7 3GJ,3W,J,22
2025/10/31,12:20:12,I,PL25 5FQ,2H,U,78
2025/10/31,12:26:17,I,YO51 9SB,4Z,R,36
2025/10/31,12:30:22,I,YO15 3QY,2E,P,M V Tractors
2025/10/31,12:33:00,D,YO8 5SE,1D,8,The Rowans
2025/10/31,12:33:25,D,YO15 1JF,1E,2,Norway Farm
2025/10/31,12:33:48,D,YO16 6XE,1G,T,Old Mill Farm
2025/10/31,12:34:13,D,YO15 1DX,1S,S,The Apartment Flamborough Station
2025/10/31,12:34:20,I,PL15 8EX,7Z,V,Unit 3 15
2025/10/31,12:34:46,D,YO15 3QY,8E,V,Unit D Carnaby Business Park
2025/10/31,12:34:47,I,PL15 8EX,8A,7,Unit 4 15
2025/10/31,12:35:11,I,YO15 2JF,1Z,I,Flat 2 North Bay Court 3
2025/10/31,12:36:00,D,YO11 1LP,1R,T,115-116
2025/10/31,12:36:00,I,YO11 1LP,1R,T,Grosvenor Casino 115-116
2025/10/31,12:36:16,I,PL15 9DA,1U,3,St. Lukes Hospice
2025/10/31,12:36:25,I,YO15 3EN,2Q,E,3
2025/10/31,12:36:36,D,PL15 9DJ,1A,S,Unit 1
2025/10/31,12:36:36,I,PL15 9DJ,1A,S,Costa Coffee Unit 1
2025/10/31,12:37:01,D,PL15 9DJ,1D,V,Unit 2
2025/10/31,12:37:01,I,PL15 9DJ,1D,V,B & M Bargains Unit 2
2025/10/31,12:37:22,D,PL15 9DJ,1H,Z,Unit 3
2025/10/31,12:37:22,I,PL15 9DJ,1H,Z,Go Outdoors Unit 3
2025/10/31,12:37:23,D,YO15 3DX,1B,7,Vogue 10
2025/10/31,12:37:23,I,YO15 3DX,1B,7,10
2025/10/31,12:38:22,D,YO15 2ED,2J,2,30a
2025/10/31,12:38:34,D,PL15 9HS,2F,5,The Mill Yard
2025/10/31,12:38:34,I,PL15 9HS,2F,5,Jacksons The Mill Yard
2025/10/31,12:39:06,D,PL7 5FN,1B,J,Unit 2
2025/10/31,12:40:40,I,YO15 2JU,3W,2,Flat 5 The Timbers 37
2025/10/31,12:41:12,D,YO15 2JG,1S,C,33
2025/10/31,12:41:43,D,YO15 2JB,4R,9,Ground Floor Flat 29
2025/10/31,12:57:35,I,YO16 6AS,1T,R,31
2025/10/31,12:58:46,I,YO7 2QF,1B,1,2
2025/10/31,13:06:21,I,YO42 1DJ,2Y,L,12
2025/10/31,14:36:26,B,YO42 1YH,1U,Z,Wolds Inn Cottage
2025/10/31,14:36:26,C,YO42 1YH,1U,Z,The Stables
2025/10/31,14:37:40,I,PL7 1UE,1H,3,Ridge View Park
2025/10/31,14:50:53,B,PL28 8RD,1D,6,Kohinor
2025/10/31,14:50:53,C,PL28 8RD,1D,6,Kohinoor
2025/10/31,15:23:15,I,PL9 7GZ,1A,5,1
2025/10/31,15:50:25,B,PL13 2LP,2W,K,2a
2025/10/31,15:50:25,C,PL13 2LP,2W,K,Ivy Cottage
2025/10/31,16:20:08,I,YO25 5LW,2L,S,40
2025/10/31,16:27:29,I,YO30 1AP,1N,9,Mane Grange
2025/10/31,17:11:10,I,YO18 8SG,2B,E,Gill Bank Farmhouse
2025/11/01,09:34:09,I,YO51 9SB,5J,C,46
2025/11/01,09:45:21,I,YO60 7PD,4X,4,South View Farmhouse
2025/11/01,10:49:43,I,PL27 6GJ,3J,6,48
2025/11/01,10:57:22,I,YO8 8GQ,4S,T,53
2025/11/01,13:10:10,I,PL9 7JN,1U,M,14
2025/11/03,08:02:56,D,PL6 7AD,2P,W,Jon Storage
2025/11/03,08:03:18,D,PL6 7AD,2G,N,M K Cars
2025/11/03,08:03:34,D,PL6 7AD,2R,Y,N S Metal Crafting
2025/11/03,08:04:24,B,PL6 7SQ,1H,C,Hoggey & Matthews 10
2025/11/03,08:04:24,C,PL6 7SQ,1H,C,Hoggys Auto Body Shop Ltd 10
2025/11/03,08:04:54,B,PL7 1AJ,1F,M,Vertu Renault Pro+ 257
2025/11/03,08:04:54,C,PL7 1AJ,1F,M,Vertu Renault L C V 257
2025/11/03,08:05:12,D,PL7 1YB,2J,1,Evans Halshaw Car Supermarket
2025/11/03,08:07:07,B,PL7 4TA,2T,2,Truline Unit 12
2025/11/03,08:07:07,C,PL7 4TA,2T,2,Health Transportation Group UK Unit 12
2025/11/03,09:48:13,I,PL12 5AF,1H,F,Regency Living Site Office Dolbeare Court
2025/11/03,10:34:38,D,PL1 1EA,3U,S,Spudulike Unit 56 1
2025/11/03,10:34:38,I,PL1 1EA,3U,S,Unit 56 1
2025/11/03,10:34:53,D,PL1 1EA,1U,Q,Build A Bear Unit 16 1
2025/11/03,10:34:53,I,PL1 1EA,1U,Q,Unit 16 1
2025/11/03,10:35:08,D,PL1 1EA,2Z,Q,Monsoon Unit 40 1
2025/11/03,10:35:08,I,PL1 1EA,2Z,Q,Unit 40 1
2025/11/03,10:35:24,D,PL14 3PB,3A,L,Fishing Mayhem
2025/11/03,10:45:48,D,PL14 4BX,1H,Z,Solartec Ltd
2025/11/03,10:46:15,D,PL14 5RE,3D,V,Unit 26b
2025/11/03,10:46:33,D,PL1 4SW,2Z,T,Mount Wise Living Ltd 31
2025/11/03,10:46:33,I,PL1 4SW,2Z,T,31
2025/11/03,10:46:47,D,PL15 7SN,1X,Q,Bodmin Moor Equestrian
2025/11/03,10:47:06,D,PL19 9RQ,1N,O,Tavistock Removals
2025/11/03,10:47:25,D,PL19 0NU,1A,8,Devon County Golf Union Unit A1 Tavy Business Ce
2025/11/03,10:47:25,I,PL19 0NU,1A,8,Unit A1 Tavy Business Centre
2025/11/03,10:48:06,D,PL2 3QH,3U,8,W G Heath (Electrical Services) Ltd 29c
2025/11/03,10:48:06,I,PL2 3QH,3U,8,29c
2025/11/03,10:48:23,D,PL2 3QT,1W,K,Popin Childrens Centre
2025/11/03,10:51:08,B,PL21 9ES,2Y,I,S U E Z Recycling Centre
2025/11/03,10:51:08,C,PL21 9ES,2Y,I,S U E Z Ivybridge Household Waste Recycling Centre
2025/11/03,10:52:14,D,PL22 0EN,1Q,2,Unit 4 Great Western Commercial Village
2025/11/03,10:52:57,D,PL25 5AS,1A,J,Kernow Clinical Commissioning Group Sedgemoor Cen
2025/11/03,10:53:13,D,PL25 5QB,2J,Y,Springfield Pantry St. Austell Market House
2025/11/03,10:53:43,D,PL26 8PZ,1J,U,Furlong Carpets The Warehouse
2025/11/03,10:53:43,I,PL26 8PZ,1J,U,The Warehouse
2025/11/03,10:55:53,I,PL26 8RA,1Z,N,Gripsure Unit D2 Rockhill Business Park
2025/11/03,10:56:00,D,PL26 8RA,1N,B,Gripsure UK Ltd Unit 2 Rockhill Business Park
2025/11/03,10:56:16,D,PL26 8TD,2A,4,Viridor Waste Management
2025/11/03,10:57:24,D,PL32 9YD,1R,N,Unit 3 Davidstow Garage
2025/11/03,10:57:24,I,PL32 9YD,1R,N,Davidstow M O T Centre Unit 3 Davidstow Garage
2025/11/03,10:57:38,B,PL32 9YD,1R,N,Davidstow M O T Centre Unit 3 Davidstow Garage
2025/11/03,10:57:38,C,PL32 9YD,1R,N,Davidstow M O T Centre Unit 3-4 Davidstow Garage
2025/11/03,10:57:43,D,PL32 9YD,1S,I,Valet My Car Unit 4 Davidstow Garage
2025/11/03,11:01:56,D,PL6 8BT,1D,V,7
2025/11/03,11:01:56,I,PL6 8BT,1D,V,Synopses Northern Europe Ltd 7
2025/11/03,11:02:15,D,PL6 8BT,1P,7,Sponge UK Ltd 11
2025/11/03,11:02:15,I,PL6 8BT,1P,7,11
2025/11/03,12:09:50,I,PL9 8YA,1X,M,39
2025/11/03,12:09:51,I,YO7 4DJ,1S,H,Skylark Mews Manor House Farm
2025/11/03,12:47:55,D,YO26 6SG,2E,K,47
2025/11/03,13:45:38,I,YO19 4AT,2T,I,27
2025/11/03,13:54:45,I,PL23 1HG,2Y,3,Brithlen Lawhyre
2025/11/03,14:48:23,I,PL15 8EX,8B,8,Priority Fitness 15
2025/11/03,14:53:01,I,YO16 4SF,2J,L,NHS Teaching Unit A
2025/11/03,14:55:46,I,YO16 4SJ,7D,O,Bridlington Martial Arts & Fitness
2025/11/03,14:57:01,D,YO42 1NS,3B,6,Unit 2c Allerthorpe Business Park
2025/11/03,14:57:01,I,YO42 1NS,3B,6,Vallet Vans Unit 2c Allerthorpe Business Park
2025/11/03,14:57:09,D,YO42 1NS,2P,P,Vallet Vans Unit 2 Allerthorpe Business Park
2025/11/03,15:00:05,I,YO15 1JT,2Y,V,24a
2025/11/03,15:00:44,D,YO21 3QY,1L,Y,High Farm
2025/11/03,15:00:44,I,YO21 3QY,1L,Y,Penny Claire Ltd High Farm
2025/11/03,16:46:11,I,YO25 5PT,1L,S,19
2025/11/03,16:52:14,B,YO14 9PP,2J,V,Foxfold
2025/11/03,16:52:14,C,YO14 9PP,2J,V,8a
2025/11/04,08:15:10,B,YO25 9TS,1F,T,Clive Soanes Broilers Ltd
2025/11/04,08:15:10,C,YO25 9TS,1F,T,Clive Soanes Broilers Ltd Horn Hill Poultry Unit
2025/11/04,08:16:16,B,YO25 9TS,1F,T,Clive Soanes Broilers Ltd Horn Hill Poultry Unit
2025/11/04,08:16:16,C,YO25 9TS,1F,T,Clive Soanes (Broilers) Ltd Horn Hill Poultry Uni
2025/11/04,09:18:36,B,PL27 7FE,1W,C,Hot Pink Haberdashery Ltd 18 Dunveth Business Par
2025/11/04,09:18:36,C,PL27 7FE,1W,C,Wild Earth Campers Ltd 18 Dunveth Business Park
2025/11/04,09:26:36,D,PL27 7FE,2L,2,Wild Earth Campers Ltd Clear Space Dunveth Busin
2025/11/04,10:57:59,I,PL19 0JT,1Q,J,Windfall
2025/11/04,11:05:09,I,YO42 1BS,1B,Y,3
2025/11/04,11:59:50,I,YO16 6AS,1S,Q,29
2025/11/04,12:00:11,I,YO16 6AS,2H,G,55
2025/11/04,12:17:41,B,PL26 7HG,2U,E,Chy Rosen Wyn
2025/11/04,12:17:41,C,PL26 7HG,2U,E,The Whitehouse
2025/11/04,12:41:55,I,YO13 9GB,1F,W,9
2025/11/04,12:54:44,I,YO11 2AA,3E,N,Apartment 5 3
2025/11/04,12:56:38,I,YO12 7BB,1B,K,Unit 2 The Old Print Works
2025/11/04,12:57:29,I,YO14 0FR,1J,D,8 Ash Court Cottages
2025/11/04,13:18:58,D,YO15 1AS,1G,2,Unit H Bempton Lane Industrial Estate
2025/11/04,13:19:23,D,YO15 1AS,1L,7,Rigsby Unit F Bempton Lane Industrial Estate
2025/11/04,13:19:23,I,YO15 1AS,1L,7,Unit F Bempton Lane Industrial Estate
2025/11/04,13:20:58,D,YO15 1JT,2X,U,5
2025/11/04,13:21:27,I,YO15 1NE,1Z,K,3a
2025/11/04,13:22:08,D,YO15 1PR,1H,N,The Morrows
2025/11/04,13:22:45,D,YO15 2AP,2U,L,Flat 24a
2025/11/04,13:23:10,I,YO15 2AP,2W,N,28a
2025/11/04,13:23:44,I,YO15 2ED,3S,6,Flat 1a 2
2025/11/04,13:24:14,B,YO15 2JN,1B,2,Crown Barbering 60
2025/11/04,13:24:14,C,YO15 2JN,1B,2,Elegance Hairdressers 60
2025/11/04,13:24:45,D,YO15 2PD,1F,8,Buffalos Restaurant 1-2
2025/11/04,13:25:06,D,YO15 2RD,1D,8,3
2025/11/04,13:25:27,I,YO15 3AD,1F,O,5
2025/11/04,13:26:35,I,YO15 3LX,2H,M,40
2025/11/04,13:26:35,I,YO15 3LX,2N,S,46
2025/11/04,13:27:12,D,YO15 3QY,2E,P,M V Tractors
2025/11/04,13:28:24,B,YO16 4SJ,5N,Q,Big Juice UK Unit 3b
2025/11/04,13:28:24,C,YO16 4SJ,5N,Q,Eurocell Unit 3b
2025/11/04,13:30:00,D,YO22 5EH,2D,V,159
2025/11/04,13:30:00,I,YO22 5EH,2D,V,Eskdale Fisheries 159
2025/11/04,13:30:37,D,YO22 5EQ,2W,T,Gibsons 76
2025/11/04,13:30:37,I,YO22 5EQ,2W,T,76
2025/11/04,13:34:13,I,YO15 3BN,2A,P,22
2025/11/04,13:34:13,I,YO15 3BN,2H,W,28
2025/11/04,13:35:29,B,YO42 4RB,2A,U,14a
2025/11/04,13:35:29,C,YO42 4RB,2A,U,14
2025/11/04,13:41:12,I,YO19 4AP,2A,1,8
2025/11/04,13:41:41,I,YO19 4AS,1W,P,16
2025/11/04,13:42:23,I,YO19 4AX,1D,H,88
2025/11/04,13:42:23,I,YO19 4AX,1E,C,90
2025/11/04,13:42:23,I,YO19 4AX,1P,T,104
2025/11/04,13:42:23,I,YO19 4AX,1Q,O,106
2025/11/04,13:42:23,I,YO19 4AX,1R,P,108
2025/11/04,13:51:32,I,PL19 9FN,1E,0,4
2025/11/04,13:57:02,I,PL31 2HQ,2W,H,Unit 1 24c
2025/11/04,13:57:02,I,PL31 2HQ,2X,C,Unit 2 24c
2025/11/04,13:57:02,I,PL31 2HQ,2Y,D,Unit 3 24c
2025/11/04,13:57:02,I,PL31 2HQ,2Z,E,24a
2025/11/04,13:57:02,I,PL31 2HQ,3A,Q,24b
2025/11/04,13:57:19,I,YO19 5UX,1S,H,Unit 12
2025/11/04,13:57:51,I,YO22 4FS,2W,P,75
2025/11/04,13:58:23,I,YO24 2TN,3B,8,Apartment 6 Chaloners House
2025/11/04,14:00:34,I,YO24 3FP,1J,F,8 Aster Court
2025/11/04,14:01:21,I,YO24 4AW,1D,6,40
2025/11/04,14:01:37,I,YO25 3TD,2D,7,Wold Lodge
2025/11/04,14:03:31,I,YO25 4UH,4F,H,Maythorpe House
2025/11/04,14:03:59,I,YO25 5LJ,1L,E,117
2025/11/04,14:03:59,I,YO25 5LJ,1W,P,102
2025/11/04,14:04:36,I,YO25 5LQ,1A,A,1
2025/11/04,14:05:04,I,YO25 5PS,1E,K,4
2025/11/04,14:05:28,I,YO25 5PS,1R,X,13
2025/11/04,14:05:59,I,YO25 5PT,1J,Q,17
2025/11/04,14:26:21,I,YO25 5PT,1G,N,11
2025/11/04,14:28:45,I,YO26 6JR,1S,5,Farfield
2025/11/04,14:32:25,I,YO26 6SG,2R,X,65
2025/11/04,14:33:23,I,YO26 6SG,4X,5,88
2025/11/04,14:34:06,I,YO26 6SG,4Y,0,90
2025/11/04,14:35:08,I,YO30 7AN,1G,0,Maple House
2025/11/04,14:35:40,I,YO30 7EQ,1A,7,1
2025/11/04,14:46:41,I,PL16 0FE,1F,S,5
2025/11/04,14:53:22,I,YO31 7UB,3N,I,203c The Coal Yard 2
2025/11/04,14:53:40,I,YO31 7UB,4E,G,301d The Coal Yard 2
2025/11/04,14:56:45,I,YO31 8AQ,1A,5,1
2025/11/04,14:56:45,I,YO31 8AQ,1B,0,2
2025/11/04,14:56:45,I,YO31 8AQ,1L,G,9
2025/11/04,15:01:55,I,YO42 1DA,1P,2,22
2025/11/04,15:01:55,I,YO42 1DA,1R,4,26
2025/11/04,15:02:38,I,YO61 1JG,2N,E,32
2025/11/04,15:02:38,I,YO61 1JG,2P,M,34
2025/11/04,15:02:38,I,YO61 1JG,2R,I,38
2025/11/04,15:03:48,I,YO7 3SA,1G,4,The Byre Salmon Hall Barns
2025/11/04,15:05:40,I,YO7 4FB,1G,T,6
2025/11/04,15:10:12,I,YO7 4QY,1H,S,Cow Corner Greystone Flatts Farm
2025/11/04,15:17:27,I,YO8 4FE,2W,E,73
2025/11/04,15:21:57,I,YO8 8GQ,3J,J,74
2025/11/04,15:21:57,I,YO8 8GQ,3L,L,76
2025/11/04,15:27:33,I,YO8 8SY,1J,1,21
2025/11/04,15:27:33,I,YO8 8SY,1N,5,25
2025/11/04,15:27:33,I,YO8 8SY,2B,O,22
2025/11/04,15:53:23,D,PL15 7AR,2E,U,Nomads Clothing 9
2025/11/04,20:14:55,D,YO15 1AY,1A,2,Unit 1o Flamborough Rural Workshop
2025/11/04,20:14:55,D,YO15 3EY,1A,8,1
2025/11/05,08:24:15,I,YO11 9HY,1A,D,UK Tobacco Po Box 544
2025/11/05,09:13:41,B,PL19 1FZ,1A,0,Book Collections Po Box 308
2025/11/05,09:13:41,C,PL19 1FZ,1A,0,Clawrus Books Po Box 308
2025/11/05,09:36:16,B,YO7 1TF,1G,8,Occasions Unit 5-6 The Old Post Office
2025/11/05,09:36:16,C,YO7 1TF,1G,8,Occasions Of Thirsk Unit 5-6 The Old Post Office
2025/11/05,09:39:38,I,PL12 6GR,4J,9,66
2025/11/05,09:39:38,I,PL12 6GR,4L,B,68
2025/11/05,09:39:53,I,PL12 6GR,4G,0,62
2025/11/05,09:39:53,I,PL12 6GR,4H,1,64
2025/11/05,09:39:53,I,PL12 6GR,4N,7,70
2025/11/05,09:39:53,I,PL12 6GR,4P,F,72
2025/11/05,09:40:03,I,PL12 6GR,4Q,G,74
2025/11/05,09:40:03,I,PL12 6GR,4R,H,76
2025/11/05,09:40:03,I,PL12 6GR,4S,C,78
2025/11/05,11:29:35,B,PL25 3LE,1A,K,1
2025/11/05,11:29:35,C,PL25 3LE,1A,K,201
2025/11/05,11:29:44,B,PL25 3LE,1Q,0,3
2025/11/05,11:29:44,C,PL25 3LE,1Q,0,203
2025/11/05,11:30:13,B,PL25 3LE,1A,K,201
2025/11/05,11:30:13,C,PL25 3GT,1A,O,201
2025/11/05,11:30:13,B,PL25 3LE,1Q,0,203
2025/11/05,11:30:13,C,PL25 3GT,1Q,A,203
2025/11/05,13:14:17,I,PL9 8BG,1U,2,98
2025/11/05,14:35:53,B,YO23 3QJ,1X,X,Silverwood
2025/11/05,14:35:53,C,YO23 3QJ,1X,X,Silverwood House
2025/11/05,14:39:17,D,YO62 5BL,1X,J,Hunters Of Helmsley 13a
2025/11/05,14:40:22,I,YO62 5BL,2B,Y,Hunters Of Helmsley 12
2025/11/05,14:42:16,B,YO43 3AL,1D,V,Blushed 50
2025/11/05,14:42:16,C,YO43 3AL,1D,V,Beaute 50
2025/11/05,15:21:28,B,YO16 4JB,2J,8,Beevers 98
2025/11/05,15:21:28,C,YO16 4JB,2J,8,Mega Sofas 98
2025/11/05,17:13:27,D,YO1 6WR,1S,4,Kettle & Keyboard 20
2025/11/05,17:14:04,D,YO1 7PJ,1N,L,St. Saviours House
2025/11/05,17:14:26,D,YO19 6TP,1B,S,95
2025/11/05,17:14:45,D,YO21 3BT,1A,X,Whitby Tanks Ltd Custom House 1
2025/11/05,17:17:15,I,YO23 1NZ,1R,W,Miloche 147b
2025/11/05,17:18:05,D,YO25 6LR,1T,V,47
2025/11/05,17:18:05,I,YO25 6LR,1T,V,Mariners Arms Driffield Ltd 47
2025/11/05,17:18:22,D,YO25 8NB,1R,H,Bethells Bridge Boat Club
2025/11/05,17:19:15,B,YO25 9HD,1J,6,Reds10 (UK) Ltd Hangar 1-2 Driffield Business Pa
2025/11/05,17:19:15,C,YO25 9HD,1J,6,Reds10 (UK) Ltd Hangar 1-4 Driffield Business Pa
2025/11/05,17:19:20,D,YO25 9HD,1F,2,Hangar 4 Driffield Business Park
2025/11/05,17:19:20,D,YO25 9HD,1H,4,Hangar 3 Driffield Business Park
2025/11/05,17:19:36,D,YO26 6GA,1W,J,Inglis Chartered Accountants 3 Westfield House
2025/11/05,17:20:51,D,YO31 7UL,2Y,8,Kutchenhaus Unit 3 Foss Islands Retail Park
2025/11/05,17:20:51,I,YO31 7UL,2Y,8,Unit 3 Foss Islands Retail Park
2025/11/05,17:21:06,D,YO43 4RG,1F,A,North Star Club
2025/11/05,17:21:22,D,YO61 3HX,1T,U,Emmerlies Lunch Box 110
2025/11/05,17:21:22,I,YO61 3HX,1T,U,110
2025/11/05,17:22:03,D,YO8 4JS,4W,Y,Coopers Groceries Ltd Unit 21
2025/11/06,09:36:54,B,PL30 4ND,1T,1,Mabena
2025/11/06,09:36:54,C,PL30 4ND,1T,1,Tramway Cottage
2025/11/06,11:18:08,I,PL9 8XT,1N,O,255
2025/11/06,11:39:00,I,YO19 4SQ,2F,P,Adur House
2025/11/06,11:41:16,I,YO19 6HP,1W,1,Benhams Cottage
2025/11/06,12:28:17,D,YO26 6LB,1T,M,30
2025/11/06,13:01:41,B,PL12 6RE,1R,C,Polborder Cottage
2025/11/06,13:01:41,C,PL12 6RE,1R,C,1 Polborder Cottage
2025/11/06,13:02:03,B,PL12 6RE,1R,C,1 Polborder Cottage
2025/11/06,13:02:03,C,PL12 6RE,1R,C,1 Polborder Cottages
2025/11/06,13:03:43,D,PL6 6QR,2Q,Q,British Red Cross Society 355-357
2025/11/06,13:03:43,I,PL6 6QR,2Q,Q,355-357
2025/11/06,13:04:28,I,PL6 6QR,3N,I,We Buy Any Car 335
2025/11/06,13:05:52,D,PL11 2TB,3L,W,Unit 9a
2025/11/06,13:05:52,I,PL11 2TB,3L,W,Laund A Pet Unit 9a
2025/11/06,13:30:43,B,YO31 8UG,1A,F,1-2
2025/11/06,13:30:43,C,YO31 8UG,1A,F,1-2 Dodsworth Court
2025/11/06,13:30:54,B,YO31 8UG,1D,I,3
2025/11/06,13:30:54,C,YO31 8UG,1D,I,3 Dodsworth Court
2025/11/06,13:31:05,B,YO31 8UG,1F,K,4
2025/11/06,13:31:05,C,YO31 8UG,1F,K,4 Dodsworth Court
2025/11/06,13:31:13,B,YO31 8UG,1H,M,5
2025/11/06,13:31:13,C,YO31 8UG,1H,M,5 Dodsworth Court
2025/11/06,13:50:23,I,PL1 2BP,1J,S,Flat 39 2
2025/11/06,13:50:39,I,PL1 4NE,3T,V,53
2025/11/06,13:50:55,I,PL11 2FA,1B,B,Unit 2 Trevol Court
2025/11/06,13:51:45,I,PL12 6FQ,1D,4,3
2025/11/06,13:52:00,I,PL12 6GJ,1U,F,31
2025/11/06,13:52:15,I,PL12 6GR,2Q,E,63
2025/11/06,13:52:39,I,PL12 6GU,1R,N,8
2025/11/06,13:52:39,I,PL12 6GU,1U,Q,14
2025/11/06,13:53:08,I,PL17 8DZ,2H,H,Avalennek
2025/11/06,13:53:27,I,PL19 8GP,1Z,T,40
2025/11/06,13:53:46,I,PL22 0FD,2T,X,35
2025/11/06,13:53:59,I,PL25 3AS,1Q,3,2a
2025/11/06,13:54:13,I,PL25 5FQ,2J,2,80
2025/11/06,13:54:33,I,PL25 5GD,1L,R,9
2025/11/06,13:54:57,I,PL25 5GQ,1X,G,2
2025/11/06,13:54:57,I,PL25 5GQ,1Y,H,4
2025/11/06,13:55:14,I,PL25 5GY,2G,2,32
2025/11/06,13:55:40,I,PL25 5HY,1B,X,2
2025/11/06,13:55:40,I,PL25 5HY,1N,9,10
2025/11/06,13:55:40,I,PL25 5HY,1P,H,11
2025/11/06,13:55:40,I,PL25 5HY,1Q,C,12
2025/11/06,13:55:40,I,PL25 5HY,1R,D,13
2025/11/06,13:55:40,I,PL25 5HY,1X,J,18
2025/11/06,13:56:01,I,PL25 5HZ,1D,0,3
2025/11/06,13:57:14,I,PL26 7FN,1H,5,7
2025/11/06,13:57:30,I,PL26 7PB,1D,5,62a
2025/11/06,13:57:54,I,PL27 6GJ,1F,0,5
2025/11/06,13:57:54,I,PL27 6GJ,3E,1,44
2025/11/06,13:57:54,I,PL27 6GJ,4B,Z,62
2025/11/06,13:58:16,I,PL27 6US,1F,T,Apartment 5 Atlantic House Hotel
2025/11/06,13:58:32,I,PL31 2WN,1Y,O,20
2025/11/06,13:59:14,I,PL8 2EW,1B,V,The Linhay Scobbiscombe Farm
2025/11/06,13:59:32,I,PL9 7GS,1B,Z,Flat 2 68
2025/11/06,13:59:32,I,PL9 7GS,1D,1,Flat 3 68
2025/11/06,13:59:32,I,PL9 7GS,1E,2,Flat 4 68
2025/11/06,14:00:19,I,PL9 7GS,1U,I,Flat 16 74
2025/11/06,14:00:38,I,PL9 7GT,1D,2,11
2025/11/06,14:00:50,I,PL9 7NL,1E,2,3
2025/11/06,14:01:05,I,PL9 8US,2W,0,40
2025/11/06,14:02:18,I,PL9 8XT,1W,3,Flat 1 269
2025/11/06,14:02:18,I,PL9 8XT,2A,C,Flat 5 269
2025/11/06,14:02:18,I,PL9 8XT,3W,5,195
2025/11/06,14:02:18,I,PL9 8XT,3Y,1,199
2025/11/06,14:02:18,I,PL9 8XT,4E,I,209
2025/11/06,14:02:18,I,PL9 8XT,4G,K,213
2025/11/06,14:03:03,I,PL9 8XY,1F,R,10
2025/11/06,14:03:52,I,PL9 8YD,1B,3,3
2025/11/06,14:37:44,I,PL4 0FF,3G,G,26a
2025/11/06,14:37:44,I,PL4 0FF,3H,H,26b
2025/11/06,14:37:44,I,PL4 0FF,3J,J,28a
2025/11/06,14:37:44,I,PL4 0FF,3L,L,28b
2025/11/06,14:37:44,I,PL4 0FF,3N,N,37a
2025/11/06,14:37:44,I,PL4 0FF,3P,P,37b
2025/11/06,14:37:46,I,PL4 0FF,2R,Q,22
2025/11/06,14:37:46,I,PL4 0FF,2S,R,23
2025/11/06,14:37:46,I,PL4 0FF,2T,S,24
2025/11/06,14:37:46,I,PL4 0FF,2U,Z,25
2025/11/06,14:37:46,I,PL4 0FF,2W,V,27
2025/11/06,14:37:46,I,PL4 0FF,2X,W,29
2025/11/06,14:37:49,I,PL4 0FF,2Y,X,30
2025/11/06,14:37:49,I,PL4 0FF,2Z,Y,31
2025/11/06,14:37:49,I,PL4 0FF,3A,A,32
2025/11/06,14:37:49,I,PL4 0FF,3B,B,33
2025/11/06,14:37:49,I,PL4 0FF,3D,D,34
2025/11/06,14:37:49,I,PL4 0FF,3E,E,35
2025/11/06,14:37:50,I,PL4 0FF,3F,F,36
2025/11/06,14:37:50,I,PL4 0FF,3Q,Q,51
2025/11/06,14:39:07,B,YO61 3LE,1U,S,Pond Cottage
2025/11/06,14:39:07,C,YO61 3LE,1U,S,Pond Corner
2025/11/06,16:11:45,D,PL11 2TB,5B,I,Coastline Skips
2025/11/06,16:11:51,D,PL11 2TB,4H,T,Q A Coatings
2025/11/06,16:13:23,I,PL11 2TB,5H,O,Drayton Mere Court
2025/11/06,16:19:50,B,PL14 3SJ,1B,V,Ferngully Farm
2025/11/06,16:19:50,C,PL14 3SJ,1B,V,Gooseford Farm
2025/11/07,08:07:04,I,PL9 8WE,1L,C,9
2025/11/07,08:39:00,B,YO17 8AB,2G,V,Fruit Art Norton Priory
2025/11/07,08:39:00,C,YO17 8AB,2G,V,Malton Fine Art Ltd Norton Priory
2025/11/07,11:30:43,D,YO62 5DR,1J,J,9
2025/11/07,11:30:43,I,YO62 5DR,1J,J,Homeworks Yorkshire 9
2025/11/07,12:57:53,I,YO15 1DU,1Q,T,Grange Farm Cottages
2025/11/07,12:58:14,D,YO61 3HY,2E,N,Snowdens Jewellery Workshop 95
2025/11/07,12:58:14,I,YO61 3HY,2E,N,95
2025/11/07,14:41:29,B,YO62 7SW,1J,B,Nawton Green Fisheries
2025/11/07,14:41:29,C,YO62 7SW,1J,B,Nawton Green Stores
2025/11/07,14:42:14,B,YO62 7SW,1J,B,Nawton Green Stores
2025/11/07,14:42:14,C,YO62 7SW,1J,B,Nawton Village Stores
2025/11/08,08:28:10,D,YO15 9BU,1A,7,The Penpal Group Po Box 5433
2025/11/08,12:23:48,I,YO13 0FT,2E,A,25
2025/11/08,12:23:48,I,YO13 0FT,2F,B,26
2025/11/08,12:23:48,I,YO13 0FT,2G,6,27
2025/11/08,12:23:48,I,YO13 0FT,2H,7,28
2025/11/08,12:23:48,I,YO13 0FT,2J,F,29
2025/11/08,12:24:45,I,YO13 0FW,1F,D,5
2025/11/08,12:24:45,I,YO13 0FW,1G,E,6
2025/11/08,12:24:45,I,YO13 0FW,1H,F,7
2025/11/08,13:38:23,I,YO51 9RR,2R,2,32
2025/11/08,14:31:21,I,PL20 7FP,1S,C,14
2025/11/08,16:59:52,I,PL9 8YE,1B,4,4
2025/11/10,08:03:44,I,YO25 5GX,1J,L,8
2025/11/10,08:58:36,D,PL12 6AF,2Z,5,81
2025/11/10,08:58:36,I,PL12 6AF,2Z,5,Carols Corner 81
2025/11/10,08:58:58,D,PL12 6JL,2Y,J,The Tanning & Beauty Lounge 12-14
2025/11/10,08:59:27,D,PL12 6LQ,2B,3,Unit 5-6 Cockles Farm
2025/11/10,08:59:27,I,PL12 6LQ,2B,3,Build UK South West Ltd Unit 5-6 Cockles Farm
2025/11/10,08:59:57,D,PL18 9AR,1T,D,I C S Systems UK Ltd Unit 2b Gunnislake Industri
2025/11/10,08:59:57,I,PL18 9AR,1T,D,Unit 2b Gunnislake Industrial Estate
2025/11/10,09:00:29,D,PL2 2EL,1B,E,Weston Mill Oak Villa Sports & Community Associati
2025/11/10,09:00:29,I,PL2 2EL,1B,E,31
2025/11/10,09:01:05,D,PL26 7XR,1A,K,Imerys Minerals Ltd Drinnick Office
2025/11/10,09:01:26,D,PL4 8NF,2B,K,Plymouth Community Services NHS Trust Seventrees
2025/11/10,09:02:01,D,PL7 2AA,1R,K,Pointers Nails 81-83
2025/11/10,09:04:41,I,PL25 5FQ,2E,X,72
2025/11/10,09:11:59,I,PL25 5HY,1S,E,14
2025/11/10,09:49:17,D,YO32 9TD,1B,8,D & J Woodcock 223
2025/11/10,09:49:17,I,YO32 9TD,1B,8,223
2025/11/10,10:05:56,I,YO23 3AQ,1B,W,3
2025/11/10,11:12:29,I,PL28 8JD,2G,2,Flat 5 Trevose Lodge
2025/11/10,11:14:43,D,YO10 3WP,1D,R,York Cycleworks 14-16
2025/11/10,11:14:43,I,YO10 3WP,1D,R,14-16
2025/11/10,11:15:03,B,YO10 5ZF,1G,D,Future Present 5
2025/11/10,11:15:03,C,YO10 5ZF,1G,D,Future Agency Consulting 5
2025/11/10,11:15:20,D,YO11 1UE,2X,Y,New Look 40
2025/11/10,11:15:20,I,YO11 1UE,2X,Y,40
2025/11/10,11:15:43,D,YO15 2SA,3F,4,Citizens Advice Bureau 6
2025/11/10,11:15:43,I,YO15 2SA,3F,4,6
2025/11/10,11:16:03,B,YO18 7NA,2N,E,Matthewsons Auctioneers 10
2025/11/10,11:16:03,C,YO18 7NA,2N,E,Mathewsons Classic Cars Ltd 10
2025/11/10,11:17:32,D,YO25 9HN,1D,A,H D & I Thomas & Son Field House Farm
2025/11/10,11:17:32,I,YO25 9HN,1D,A,Field House Farm
2025/11/10,11:17:44,D,YO26 4GB,1Z,F,C O W I UK Ltd Unit 1
2025/11/10,11:17:44,I,YO26 4GB,1Z,F,Unit 1
2025/11/10,11:18:37,B,YO30 5PA,1F,5,P C L G Chartered Accountants Equinox House
2025/11/10,11:18:37,C,YO30 5PA,1F,5,Fortus North Ltd Equinox House
2025/11/10,11:18:55,D,YO30 7BT,3G,9,Alliance Francaise De York 61
2025/11/10,11:19:46,B,YO30 7BU,1A,8,Bootham School 49-57
2025/11/10,11:19:46,C,YO30 7BU,1A,8,Bootham School 49-61
2025/11/10,11:20:38,D,YO30 7BT,3E,7,59
2025/11/10,11:20:54,D,YO43 3AN,1D,X,Market Fisheries 69
2025/11/10,11:20:54,I,YO43 3AN,1D,X,69
2025/11/10,11:21:09,D,YO61 1SR,2B,M,Unit 13
2025/11/10,11:22:31,B,YO8 4AL,4R,7,North Yorkshire County Council Sandpiper House
2025/11/10,11:22:31,C,YO8 4AL,4R,7,North Yorkshire Council Sandpiper House
2025/11/10,11:23:11,B,YO8 4BA,1A,D,North Yorkshire County Council Brook Lodge
2025/11/10,11:23:11,C,YO8 4BA,1A,D,North Yorkshire Council Brook Lodge
2025/11/10,11:50:04,I,YO8 8TF,1J,J,8
2025/11/10,11:59:53,D,YO7 3GJ,2B,X,43
2025/11/10,12:06:53,D,YO25 3TG,1H,7,Garden Cottage
2025/11/10,13:04:40,I,PL9 8YE,1A,3,2
2025/11/10,13:23:00,I,PL9 7JN,1Y,K,20
2025/11/10,13:29:56,D,PL14 3UT,2Q,T,Eccabi Ltd 8
2025/11/10,13:29:56,I,PL14 3UT,2Q,T,8
2025/11/10,14:23:45,D,YO21 1JH,1G,3,7
2025/11/10,14:23:45,I,YO21 1JH,1G,3,The Painted Lady 7
2025/11/10,14:24:11,D,YO21 1JH,1F,2,5
2025/11/10,14:24:11,I,YO21 1JH,1F,2,Kirstys 5
2025/11/10,17:03:52,I,PL25 3TE,1G,Y,1 Boscoppa Farm
2025/11/11,07:51:33,I,PL9 7JN,2F,2,34
2025/11/11,09:08:29,I,PL27 6GJ,3Z,M,60
2025/11/11,09:19:58,B,YO21 3ST,1J,T,Clematis Cottage
2025/11/11,09:19:58,C,YO21 3ST,1J,T,16
2025/11/11,09:20:43,B,YO21 3ST,1U,4,Discovery Cottage
2025/11/11,09:20:43,C,YO21 3ST,1U,4,20
2025/11/11,09:21:34,B,YO21 3ST,1F,J,Gamekeepers Cottage
2025/11/11,09:21:34,C,YO21 3ST,1F,J,6
2025/11/11,09:22:57,B,YO21 3ST,1G,K,Gardeners Cottage
2025/11/11,09:22:57,C,YO21 3ST,1G,K,12
2025/11/11,09:23:39,B,YO21 3ST,2B,G,Gatehouse Cottage
2025/11/11,09:23:39,C,YO21 3ST,2B,G,1
2025/11/11,09:24:01,B,YO21 3ST,1Z,3,Hillside Cottage
2025/11/11,09:24:01,C,YO21 3ST,1Z,3,5
2025/11/11,09:24:42,B,YO21 3ST,1A,E,Home Farm House
2025/11/11,09:24:42,C,YO21 3ST,1A,E,14
2025/11/11,09:25:07,B,YO21 3ST,1P,Z,Jasmine Cottage
2025/11/11,09:25:07,C,YO21 3ST,1P,Z,26
2025/11/11,09:26:10,B,YO21 3ST,1E,I,Lake House
2025/11/11,09:26:10,C,YO21 3ST,1E,I,27
2025/11/11,09:26:47,B,YO21 3ST,2E,J,Little Beck Cottage
2025/11/11,09:26:47,C,YO21 3ST,2E,J,8
2025/11/11,09:27:33,B,YO21 3ST,1X,1,Pheasant House
2025/11/11,09:27:33,C,YO21 3ST,1X,1,24
2025/11/11,09:28:08,B,YO21 3ST,1H,L,Rambling Rose Cottage
2025/11/11,09:28:08,C,YO21 3ST,1H,L,18
2025/11/11,09:28:37,B,YO21 3ST,1T,X,The Butlers Cottage
2025/11/11,09:28:37,C,YO21 3ST,1T,X,2
2025/11/11,09:29:36,B,YO21 3ST,2A,F,The Lodge
2025/11/11,09:29:36,C,YO21 3ST,2A,F,3
2025/11/11,09:30:03,B,YO21 3ST,1D,N,Woodcutters Cottage
2025/11/11,09:30:03,C,YO21 3ST,1D,N,4
2025/11/11,09:32:30,B,YO21 3ST,2U,5,Saltmore Hotel
2025/11/11,09:32:30,C,YO21 3ST,2U,5,Saltmoore Hotel 25
2025/11/11,09:36:23,I,YO21 3ST,3F,L,7
2025/11/11,09:36:30,I,YO21 3ST,3G,M,9
2025/11/11,09:36:41,I,YO21 3ST,3H,N,10
2025/11/11,09:38:15,I,YO21 3ST,3L,R,13
2025/11/11,09:38:15,I,YO21 3ST,3N,T,15
2025/11/11,09:38:15,I,YO21 3ST,3P,V,17
2025/11/11,09:38:15,I,YO21 3ST,3Q,W,19
2025/11/11,09:38:15,I,YO21 3ST,3R,X,21
2025/11/11,09:39:05,I,YO21 3ST,3S,Y,11
2025/11/11,09:39:29,I,YO21 3ST,3T,Z,22
2025/11/11,09:39:41,I,YO21 3ST,3U,0,23
2025/11/11,09:40:21,I,YO21 3ST,3W,2,29
2025/11/11,10:40:48,B,PL15 7QA,2J,4,Wheels To York 3
2025/11/11,10:40:48,C,PL15 7QA,2J,4,Wheels 2 Work South West 3
2025/11/11,10:44:40,I,PL4 0AJ,1B,8,Woollcombe Yonge 64
2025/11/11,10:53:13,I,YO26 8JE,1L,N,West Fold Barn
2025/11/11,11:19:30,I,YO14 0GA,1A,I,1
2025/11/11,11:44:59,I,PL27 6GJ,2L,7,29
2025/11/11,13:17:36,I,YO8 8TG,1D,E,3
2025/11/11,13:34:28,D,PL1 5JE,1Q,Z,141
2025/11/11,13:34:28,I,PL1 5JE,1Q,Z,Naworz Market 141
2025/11/11,13:35:01,B,PL4 8PW,1A,7,M A & L M Law 14
2025/11/11,13:35:01,C,PL4 8PW,1A,7,Christian Resource Centre 14
2025/11/11,13:35:33,D,PL12 6LX,5N,J,C D Cooke 3
2025/11/11,13:35:33,I,PL12 6LX,5N,J,3
2025/11/11,13:35:58,D,PL12 6NZ,1A,6,Wessex D A F Ltd H M G House
2025/11/11,13:35:58,I,PL12 6NZ,1A,6,H M G House
2025/11/11,13:36:41,D,PL12 6LX,3U,U,Armada Glass Unit 4 Peninsular Park
2025/11/11,13:36:41,I,PL12 6LX,3U,U,Unit 4 Peninsular Park
2025/11/11,13:37:03,B,PL12 6LD,6H,0,Tamar Tyre Centre Ltd
2025/11/11,13:37:03,C,PL12 6LD,6H,0,Zero Gravity
2025/11/11,13:37:32,D,PL12 6TW,3D,K,Spectrum South West Ltd Beaver House
2025/11/11,13:38:04,D,PL12 6LD,6D,2,Back 2 Back Chiropractic Clinic Unit 7b
2025/11/11,13:38:04,I,PL12 6LD,6D,2,Unit 7b
2025/11/11,13:38:30,D,PL12 6LD,7A,U,Dash Express 7 Kingsmill Road
2025/11/11,13:38:30,I,PL12 6LD,7A,U,7 Kingsmill Road
2025/11/11,13:51:43,I,YO25 5LX,1A,H,1
2025/11/11,13:51:43,I,YO25 5LX,1B,C,2
2025/11/11,13:51:43,I,YO25 5LX,1D,K,3
2025/11/11,13:52:59,I,YO25 5LW,1B,H,1
2025/11/11,13:52:59,I,YO25 5LW,1D,J,3
2025/11/11,13:52:59,I,YO25 5LW,1E,K,5
2025/11/11,13:52:59,I,YO25 5LW,1F,L,7
2025/11/11,13:52:59,I,YO25 5LW,1G,M,9
2025/11/11,13:52:59,I,YO25 5LW,1H,N,11
2025/11/11,13:52:59,I,YO25 5LW,1J,P,15
2025/11/11,13:52:59,I,YO25 5LW,1L,R,17
2025/11/11,13:52:59,I,YO25 5LW,1X,3,16
2025/11/11,13:52:59,I,YO25 5LW,1Y,4,18
2025/11/11,13:52:59,I,YO25 5LW,2D,K,26
2025/11/11,13:52:59,I,YO25 5LW,2E,L,28
2025/11/11,14:15:54,D,PL20 7AA,1S,S,21a
2025/11/11,15:15:58,B,YO7 2NY,1A,G,Manor House Cottage
2025/11/11,15:15:58,C,YO7 2NY,1A,G,Arkle Grange
2025/11/11,15:47:54,B,YO42 4SX,1R,3,Home Farm
2025/11/11,15:47:54,C,YO42 4SX,1R,3,Charles Fox House
2025/11/12,11:29:20,D,YO25 6EF,1S,H,Unit 11 Driffield Business Centre
2025/11/12,11:29:20,I,YO25 6EF,1S,H,Jsm Developments Ltd Unit 11 Driffield Business
2025/11/12,12:38:13,D,YO25 6EF,1S,H,Jsm Developments Ltd Unit 11 Driffield Business
2025/11/12,12:38:13,I,YO25 6EF,1S,H,Unit 11 Driffield Business Centre
2025/11/12,12:41:53,I,PL17 7NQ,2D,D,Scrawsdon Retreat
2025/11/12,13:52:31,I,YO60 6AF,1A,U,Howardian Hill Holiday Park
2025/11/12,14:14:44,I,PL1 3AU,1U,8,Lower Ground Floor Flat 51
2025/11/13,08:40:24,I,PL12 6GA,2H,I,71
2025/11/13,09:56:13,I,YO26 7LR,2D,O,Hyvue
2025/11/13,10:25:58,B,YO8 8JW,2Y,6,Morello Garth
2025/11/13,10:25:58,C,YO8 8JW,2Y,6,Brooks Farm
2025/11/13,11:06:28,I,PL7 4AW,3Q,9,63
2025/11/13,11:24:17,B,PL19 0DD,1A,N,Lees Catering 22
2025/11/13,11:24:17,C,PL19 0DD,1A,N,Leef Catering 22
2025/11/13,11:24:55,D,PL19 0DB,1G,L,14b
2025/11/13,11:24:55,I,PL19 0DB,1G,L,Invictus Tattoo Studio 14b
2025/11/13,11:26:27,D,PL15 8AW,1S,D,5
2025/11/13,11:26:27,I,PL15 8AW,1S,D,Zebedias 5
2025/11/13,12:07:41,I,PL26 8YQ,2G,S,Ty Melberry
2025/11/13,13:36:04,I,YO8 8LY,1U,B,Next Retail Ltd Unit C3 Three Lakes Retail Park
2025/11/13,14:55:50,B,PL19 8PU,2D,S,Barn Owl Cottages
2025/11/13,14:55:50,C,PL19 8PU,2D,S,Barn Owl Cottage
2025/11/13,16:05:35,I,PL1 4FS,2J,W,Flat 2 202
2025/11/13,16:05:35,I,PL1 4FS,2L,Y,Flat 3 202
2025/11/13,16:05:35,I,PL1 4FS,2N,U,Flat 4 202
2025/11/13,16:05:35,I,PL1 4FS,2P,2,Flat 5 202
2025/11/13,17:11:01,B,PL26 8ST,2F,I,101a
2025/11/13,17:11:01,C,PL26 8ST,2F,I,Moorview Barn
2025/11/14,09:18:57,I,YO8 9UT,1T,9,16
2025/11/14,09:19:28,I,YO8 9UU,1B,Y,2
2025/11/14,09:46:29,B,PL14 6NG,1N,2,Jimmers
2025/11/14,09:46:29,C,PL14 6NG,1N,2,Trefan
2025/11/14,10:26:44,D,YO11 1NW,1X,2,Robs Tattoo Studio 6a
2025/11/14,10:26:44,I,YO11 1NW,1X,2,6a
2025/11/14,10:27:21,D,YO11 1NF,1U,I,39
2025/11/14,10:27:21,I,YO11 1NF,1U,I,Comic World 39
2025/11/14,10:27:37,D,YO12 7BB,1B,K,Unit 2 The Old Print Works
2025/11/14,10:27:37,I,YO12 7BB,1B,K,Friday Night Tumbling Unit 2 The Old Print Works
2025/11/14,10:46:42,I,YO61 3LL,1N,M,Fairview Springhead Farm
2025/11/14,11:48:30,I,YO17 6PS,2B,Q,Butterwick Alpaca Retreat Alpaca View
2025/11/14,11:49:13,D,YO17 6PS,2B,Q,Butterwick Alpaca Retreat Alpaca View
2025/11/14,11:49:13,I,YO17 6PS,2B,Q,Butterwick Alpaca Retreat Alpaca View
2025/11/14,12:13:01,I,PL21 9PE,4X,M,Felix House
2025/11/14,13:31:26,I,YO19 6GH,1A,0,1
2025/11/14,13:31:26,I,YO19 6GH,1B,1,3
2025/11/14,13:31:26,I,YO19 6GH,1D,9,5
2025/11/14,13:31:26,I,YO19 6GH,1E,A,7
2025/11/14,13:31:26,I,YO19 6GH,1F,B,2
2025/11/14,14:17:34,D,PL15 8EX,7Z,V,Unit 3 15
2025/11/14,14:17:34,I,PL15 8EX,7Z,V,Cornwall Child Services Unit 3 15
2025/11/14,14:18:09,D,PL15 8EX,8A,7,Unit 4 15
2025/11/14,14:18:09,I,PL15 8EX,8A,7,Priority Fitness Unit 4 15
2025/11/14,14:38:30,I,YO8 6AG,1A,Q,1
2025/11/14,14:58:33,I,PL9 7JN,2B,Y,28
2025/11/14,15:29:24,I,YO15 2NR,2D,D,Harbour Rock & Gifts 12
2025/11/14,15:30:20,B,YO17 6YG,1J,U,Motor Parts Direct Ltd Swinton House
2025/11/14,15:30:20,C,YO17 6YG,1J,U,Motor Parts Direct Swinton House
2025/11/14,15:35:48,I,PL14 3LS,2H,4,Liskeard Farm Units Treweatha Farm
2025/11/14,16:29:11,I,YO42 1BY,1A,3,1
2025/11/14,16:29:11,I,YO42 1BY,1B,4,2
2025/11/14,16:29:11,I,YO42 1BY,1D,6,3
2025/11/14,16:30:10,I,YO42 1BJ,1A,O,1
2025/11/14,16:31:20,I,YO42 1DJ,1N,9,20
2025/11/14,16:31:20,I,YO42 1DJ,1P,H,22
2025/11/14,16:31:20,I,YO42 1DJ,1Q,C,24
2025/11/14,16:31:20,I,YO42 1DJ,1R,D,26
2025/11/14,16:32:26,I,YO42 1DL,1A,Y,1
2025/11/14,16:32:26,I,YO42 1DL,1B,Z,2
2025/11/14,16:32:26,I,YO42 1DL,1D,1,3
2025/11/14,16:33:21,I,YO42 1DJ,1S,E,28
2025/11/14,16:34:12,I,YO42 1BT,1U,I,2
2025/11/14,16:34:12,I,YO42 1BT,1W,K,4
2025/11/14,16:35:52,I,YO42 1BG,1D,O,3
2025/11/14,16:35:52,I,YO42 1BG,1E,P,4
2025/11/14,16:37:07,I,YO42 1BT,1T,H,9
2025/11/14,16:37:11,I,YO42 1BT,1S,G,7
2025/11/14,16:37:14,I,YO42 1BT,1R,F,5
2025/11/14,16:37:16,I,YO42 1BT,1Q,E,3
2025/11/14,16:37:17,I,YO42 1BT,1P,D,1
2025/11/14,16:38:27,I,YO42 1DJ,1T,F,30
2025/11/14,16:38:27,I,YO42 1DJ,1U,M,32
2025/11/14,16:38:27,I,YO42 1DJ,1W,I,34
2025/11/14,16:39:24,I,YO42 1BF,1G,Q,6
2025/11/14,16:39:26,I,YO42 1BF,1F,P,5
2025/11/14,16:39:30,I,YO42 1BF,1E,O,4
2025/11/14,16:39:32,I,YO42 1BF,1D,T,3
2025/11/14,16:39:33,I,YO42 1BF,1B,L,2
2025/11/14,16:39:35,I,YO42 1BF,1A,K,1
2025/11/14,16:40:40,I,YO42 1DJ,1X,J,36
2025/11/14,16:40:40,I,YO42 1DJ,1Y,K,38
2025/11/14,16:40:40,I,YO42 1DJ,1Z,L,40
2025/11/14,16:41:39,I,YO42 1BT,1N,B,31
2025/11/14,16:41:46,I,YO42 1BT,1L,9,29
2025/11/14,16:42:13,I,YO42 1BT,2B,U,33
2025/11/15,07:50:47,I,YO25 5DE,4Q,9,83
2025/11/15,08:26:26,D,PL13 9BL,1A,K,Po Box 64
2025/11/15,10:58:47,I,YO8 4FE,4D,X,36
2025/11/15,14:36:19,I,YO19 4AT,1S,M,26
2025/11/15,14:44:32,I,PL9 7JN,2D,0,30
2025/11/15,15:06:06,I,PL9 8WE,1D,A,3
2025/11/15,15:10:03,I,PL9 7JN,2G,3,22
2025/11/17,08:06:18,B,PL17 7BG,2X,B,Copsewood Pine 12
2025/11/17,08:06:18,C,PL17 7BG,2X,B,Rummage Room 12
2025/11/17,08:06:31,D,PL2 3DB,1Z,S,W J Workshop 74
2025/11/17,08:06:31,I,PL2 3DB,1Z,S,74
2025/11/17,08:06:59,D,PL23 1HN,2U,6,Chris Biggs Engineering Ltd Lankelly
2025/11/17,08:06:59,I,PL23 1HN,2U,6,Lankelly
2025/11/17,08:07:27,B,PL25 4TR,3J,H,Outlook LLP 22a
2025/11/17,08:07:27,C,PL25 4TR,3J,H,Your Time & Place 22a
2025/11/17,08:07:52,B,PL25 3HT,1A,P,Foxs Dental Surgery 92
2025/11/17,08:07:52,C,PL25 3HT,1A,P,Eden Dental Centre 92
2025/11/17,08:08:10,D,PL25 4EW,1F,1,D C Tucker Accountant 108
2025/11/17,08:08:10,I,PL25 4EW,1F,1,108
2025/11/17,08:08:32,B,PL25 4PP,1L,H,W F Collings
2025/11/17,08:08:32,C,PL25 4PP,1L,H,W F Collings Building & Roofing Co
2025/11/17,08:09:16,B,PL27 7UN,1R,V,Padstow Sea Sand Co Ltd St. Eval Airfield
2025/11/17,08:09:16,C,PL27 7UN,1R,V,M & J Prynn Ltd St. Eval Airfield
2025/11/17,08:10:12,B,PL30 5AX,1B,R,Stephen Gelly Organic Farm Stephen Gelly
2025/11/17,08:10:12,C,PL30 5AX,1B,R,Stephen Gelly Organic Farm
2025/11/17,08:11:08,B,PL32 9PG,2R,C,Sproull Solicitors LLP 8
2025/11/17,08:11:08,C,PL32 9PG,2R,C,Devon & Cornwall Securitys Ltd 8
2025/11/17,08:11:34,D,PL5 4LD,2S,U,Unit 4 6
2025/11/17,08:11:34,I,PL5 4LD,2S,U,Gemco UK Ltd Unit 4 6
2025/11/17,08:11:55,D,PL5 4LD,2U,2,Tecalemit Workshop Equipment Ltd Unit 6 6
2025/11/17,08:12:06,B,PL5 4LD,2S,U,Gemco UK Ltd Unit 4 6
2025/11/17,08:12:06,C,PL5 4LD,2S,U,Gemco UK Ltd Unit 4-6 6
2025/11/17,08:12:37,B,PL7 5BG,2R,P,Underhill Engineering Ltd Waycon House
2025/11/17,08:12:37,C,PL7 5BG,2R,P,Underhill Engineering (UK) Ltd Waycon House
2025/11/17,08:15:19,D,YO61 1HS,1Y,Y,Weldon House
2025/11/17,10:00:34,I,PL9 8YD,1A,2,1
2025/11/17,10:46:26,D,PL14 3UT,1G,C,Unit 20
2025/11/17,10:46:26,I,PL14 3UT,1G,C,Saunders Liskeard Ltd Unit 20
2025/11/17,13:43:11,I,YO25 5PT,1P,W,23
2025/11/17,13:58:36,I,YO8 9RD,2F,D,18
2025/11/17,14:32:04,I,YO41 1JY,2A,H,Grow Topicals Ltd Hall Nurseries
2025/11/17,14:44:02,D,PL6 7AE,3D,M,77
2025/11/17,14:44:02,I,PL6 7AE,3D,M,Ebbrox Ltd 77
2025/11/17,14:44:28,D,PL8 1HX,1B,Y,Lazy Lures Ltd The Studio
2025/11/18,08:23:24,I,PL25 5FQ,1Y,G,62
2025/11/18,08:29:40,I,YO8 8JW,3Y,7,5a
2025/11/18,10:01:00,I,YO43 4ED,1L,0,Reservoir House
2025/11/18,11:45:02,I,YO8 6AG,1B,R,2
2025/11/18,12:06:13,B,PL26 8LX,4B,D,Tierzero Games Unit 6
2025/11/18,12:06:13,C,PL26 8LX,4B,D,Tierzero Games Ltd Unit 6
2025/11/18,12:07:29,B,PL26 8LX,4B,D,Tierzero Games Ltd Unit 6
2025/11/18,12:07:29,C,PL26 8LX,4B,D,Tier Zero Games Ltd Unit 6
2025/11/18,12:35:50,D,PL15 9PU,5Y,1,Unit 6b Treburley Industrial Estate
2025/11/18,12:35:50,I,PL15 9PU,5Y,1,Smirnoff Unit 6b Treburley Industrial Estate
2025/11/18,12:36:26,B,PL13 1AE,2Z,U,The Arch
2025/11/18,12:36:26,C,PL13 1AE,2Z,U,Pisters
2025/11/18,13:41:56,I,YO8 8SY,3Q,A,36
2025/11/18,14:26:20,D,YO8 4DT,1T,N,7
2025/11/18,14:26:20,I,YO8 4DT,1T,N,Cloud Tasty 7
2025/11/18,14:26:50,D,YO22 4AS,1Y,L,59
2025/11/18,14:26:50,I,YO22 4AS,1Y,L,Swallows Nest 59
2025/11/18,15:15:43,D,PL25 4DB,1D,D,Cornwall Council Carlyon House 20
2025/11/18,15:54:27,I,PL9 8YR,1G,M,2
2025/11/18,16:10:27,I,YO42 1BP,1L,B,18
2025/11/19,08:31:36,I,YO42 1BP,1A,U,2
2025/11/19,08:31:36,I,YO42 1BP,1B,V,4
2025/11/19,08:31:36,I,YO42 1BP,1D,3,6
2025/11/19,08:31:36,I,YO42 1BP,1E,4,8
2025/11/19,08:31:36,I,YO42 1BP,1F,5,10
2025/11/19,08:31:36,I,YO42 1BP,1G,0,12
2025/11/19,08:31:36,I,YO42 1BP,1H,1,14
2025/11/19,08:31:36,I,YO42 1BP,1J,9,16
2025/11/19,08:31:36,I,YO42 1BP,1N,7,20
2025/11/19,08:31:36,I,YO42 1BP,1P,F,22
2025/11/19,08:31:36,I,YO42 1BP,1Q,G,24
2025/11/19,08:31:36,I,YO42 1BP,1R,H,26
2025/11/19,08:32:28,I,YO42 1BS,1D,0,1
2025/11/19,08:32:28,I,YO42 1BS,1E,1,2
2025/11/19,10:03:11,I,PL27 6GJ,3N,A,50
2025/11/19,10:34:09,B,YO32 5XF,1W,V,Whinfield
2025/11/19,10:34:09,C,YO32 5XF,1W,V,Mourne Vale
2025/11/19,12:17:01,I,PL9 9QG,1L,9,40
2025/11/19,12:18:56,I,PL15 7TG,3X,M,Dowr House
2025/11/19,12:40:51,D,YO8 8LY,1E,P,Everything Below Three Lakes Retail Park
2025/11/19,12:51:20,I,PL25 5SP,2R,M,The Lodge
2025/11/19,15:07:46,I,YO42 1ST,2L,R,Bishop Wilton Village Hall
2025/11/19,15:59:18,I,YO11 1AS,1A,Y,Apartment 1 5
2025/11/19,16:12:48,I,YO11 1AS,1B,Z,Apartment 2 5
2025/11/19,16:16:42,I,YO11 1TS,3G,J,62
2025/11/19,16:22:06,I,PL12 6FR,1X,J,18
2025/11/19,16:23:21,I,YO11 1AS,1F,3,Apartment 5 5
2025/11/19,16:27:43,I,YO11 1AS,1E,2,Apartment 4 5
2025/11/19,17:48:59,I,PL9 8WE,1J,G,8
2025/11/20,11:09:27,I,PL11 2TB,5J,W,E W R
2025/11/20,11:54:32,I,PL25 4HB,1U,Y,Post Office 105
2025/11/20,12:28:33,B,PL20 7LG,1A,R,Crapstone Barton
2025/11/20,12:28:33,C,PL20 7LG,1A,R,Buckland Barton
2025/11/20,12:56:25,B,PL9 8EN,1P,7,Post Office
2025/11/20,12:56:25,C,PL9 8EN,1P,7,Post Office 34
2025/11/20,13:21:15,B,PL3 4BB,1W,J,Plymclean Unit 36 City Business Park
2025/11/20,13:21:15,C,PL3 4BB,1W,J,Plymouth City Council Unit 36 City Business Park
2025/11/20,15:28:48,I,YO8 5DY,1A,A,Unit 2 Burfield Estate
2025/11/20,15:28:48,I,YO8 5DY,1B,B,Unit 5 Burfield Estate
2025/11/21,08:28:15,I,PL14 5JS,1G,2,Oakley Barn
2025/11/21,09:02:05,D,YO7 1SF,3F,8,55c
2025/11/21,10:23:30,B,YO42 1NS,2B,B,Bata Ltd
2025/11/21,10:23:30,C,YO42 1NS,2B,B,Portland Grain Ltd
2025/11/21,10:30:08,I,PL25 3TH,3U,H,Carlyon Parish Hall
2025/11/21,10:36:42,I,PL17 8HY,1X,Z,Little Treleath
2025/11/21,13:06:03,I,PL25 9JZ,1A,9,Wild Wipe Po Box 7831
2025/11/21,14:47:50,I,YO22 4FS,1L,D,19
2025/11/21,15:00:26,I,YO11 3ZF,1F,H,7
2025/11/21,15:30:43,I,PL9 8XR,1F,K,7
